gridId;methodeId;nbClues;timeFound;timeEnd;v_0;v_1;v_2;v_3;v_4;v_5;v_6;v_7;v_8;v_9;v_10;v_11;v_12;v_13;v_14;v_15;16
2_2:0123321020311302;0;4;0.0424796;0.251969;-1;-1;-1;3;-1;-1;1;-1;-1;-1;-1;-1;1;-1;0;-1;16
2_2:0123321020311302;1;4;0.0050474000000000005;0.1270501;-1;-1;2;-1;3;-1;-1;-1;-1;-1;-1;-1;1;3;-1;-1;16
2_2:0123321020311302;2;4;0.44655930000000005;0.4606373;0;-1;-1;-1;-1;2;-1;-1;-1;-1;-1;1;-1;3;-1;-1;16
2_2:0123321020311302;3;4;0.0053783;0.5029498;-1;-1;-1;3;-1;2;-1;-1;2;-1;-1;-1;-1;-1;0;-1;16
2_2:2301012330121230;0;4;0.0048846;0.07952050000000001;-1;-1;-1;-1;-1;1;2;-1;-1;-1;-1;-1;1;-1;-1;0;16
2_2:2301012330121230;0;5;0.0027655;0.07952050000000001;2;-1;-1;-1;0;1;-1;-1;-1;-1;-1;-1;1;-1;-1;0;16
2_2:2301012330121230;1;4;0.0037767;0.0665939;2;-1;-1;-1;-1;1;-1;-1;-1;0;1;-1;-1;-1;-1;-1;16
2_2:2301012330121230;2;4;0.24345290000000003;0.2474818;2;3;-1;-1;-1;-1;-1;-1;-1;0;-1;-1;-1;-1;3;-1;16
2_2:2301012330121230;3;4;0.48396290000000003;0.5003580000000001;2;-1;-1;-1;-1;-1;-1;3;-1;0;-1;-1;-1;-1;3;-1;16
2_2:2301012330121230;3;5;0.3001881;0.5003580000000001;2;-1;-1;-1;-1;-1;-1;3;-1;0;-1;-1;-1;-1;3;0;16
2_2:2301012330121230;3;6;0.12679790000000002;0.5003580000000001;2;3;-1;-1;-1;-1;2;-1;3;0;-1;-1;-1;-1;-1;0;16
2_2:2301012330121230;3;7;0.11117210000000001;0.5003580000000001;2;-1;-1;-1;-1;-1;2;3;3;0;-1;-1;-1;2;-1;0;16
2_2:2301012330121230;3;8;0.0466051;0.5003580000000001;2;-1;-1;-1;0;-1;2;3;-1;0;1;-1;-1;2;-1;0;16
2_2:2301012330121230;3;9;0.019465200000000002;0.5003580000000001;2;3;-1;-1;0;-1;2;-1;-1;0;-1;2;-1;2;3;0;16
2_2:2301012330121230;3;10;0.0021984;0.5003580000000001;2;-1;0;1;0;-1;2;-1;3;0;-1;2;-1;2;-1;0;16
2_2:0321123031022013;0;4;0.0039234000000000005;0.0929201;-1;-1;-1;-1;-1;-1;3;0;-1;1;-1;-1;-1;-1;-1;3;16
2_2:0321123031022013;1;4;0.0031221;0.0640617;0;-1;2;-1;-1;-1;-1;-1;-1;-1;-1;-1;-1;0;-1;3;16
2_2:0321123031022013;2;4;0.23563530000000002;0.24688200000000002;-1;3;-1;-1;1;-1;-1;-1;-1;-1;-1;-1;-1;0;-1;3;16
2_2:0321123031022013;3;4;0.0028079000000000003;0.5000157000000001;-1;-1;2;-1;1;-1;-1;-1;-1;-1;-1;2;-1;0;-1;-1;16
2_2:0123320123101032;0;4;0.002532;0.06040450000000001;-1;-1;-1;3;-1;-1;-1;-1;-1;3;-1;0;1;-1;-1;-1;16
2_2:0123320123101032;1;4;0.0048649;0.051985500000000004;-1;-1;2;-1;-1;2;0;-1;-1;-1;-1;-1;1;-1;-1;-1;16
2_2:0123320123101032;1;5;0.0024658;0.051985500000000004;-1;-1;2;-1;-1;2;0;1;-1;-1;-1;-1;-1;0;-1;-1;16
2_2:0123320123101032;2;4;0.22327380000000002;0.23062790000000002;-1;-1;2;-1;-1;-1;-1;-1;-1;3;-1;0;-1;0;-1;-1;16
2_2:0123320123101032;3;4;0.0021411;0.5004236000000001;0;-1;-1;-1;-1;-1;-1;1;-1;3;-1;-1;-1;-1;3;-1;16
2_2:1023231002313102;0;4;0.002321;0.0604277;1;-1;-1;-1;-1;-1;-1;0;-1;-1;3;-1;-1;-1;-1;2;16
2_2:1023231002313102;1;4;0.0026412000000000002;0.060196200000000005;1;-1;-1;3;-1;-1;-1;-1;-1;2;-1;-1;3;-1;-1;-1;16
2_2:1023231002313102;2;4;0.2173167;0.2201864;-1;-1;2;3;-1;-1;-1;-1;-1;-1;-1;-1;3;1;-1;-1;16
2_2:1023231002313102;3;5;0.33519780000000005;0.5026568;-1;-1;2;-1;2;3;-1;-1;0;-1;-1;-1;-1;-1;-1;2;16
2_2:1023231002313102;3;6;0.0019697;0.5026568;-1;-1;2;3;2;-1;-1;-1;-1;2;-1;-1;-1;-1;0;2;16
2_2:3012210303211230;0;4;0.0059773000000000005;0.0386205;-1;-1;1;-1;2;-1;-1;-1;-1;3;-1;-1;-1;-1;-1;0;16
2_2:3012210303211230;0;5;0.0028903;0.0386205;3;-1;-1;-1;2;-1;0;-1;-1;-1;2;-1;-1;-1;-1;0;16
2_2:3012210303211230;0;6;0.0020670000000000003;0.0386205;3;-1;-1;2;2;-1;0;-1;-1;-1;-1;-1;-1;-1;3;0;16
2_2:3012210303211230;1;4;0.0090265;0.054843;3;-1;-1;-1;-1;-1;0;-1;-1;-1;2;-1;1;-1;-1;-1;16
2_2:3012210303211230;1;5;0.0027883;0.054843;3;-1;1;-1;-1;-1;-1;-1;-1;-1;-1;-1;1;-1;3;0;16
2_2:3012210303211230;2;4;0.1913939;0.2713677;-1;0;-1;-1;-1;-1;-1;3;-1;-1;2;-1;1;-1;-1;-1;16
2_2:3012210303211230;3;6;0.34229220000000005;0.5009077000000001;-1;0;-1;-1;-1;-1;0;3;0;-1;2;-1;1;-1;-1;-1;16
2_2:3012210303211230;3;7;0.043286700000000004;0.5009077000000001;3;0;-1;-1;-1;-1;0;-1;0;-1;-1;1;-1;2;-1;0;16
2_2:3012210303211230;3;8;0.0151984;0.5009077000000001;3;0;-1;-1;-1;-1;0;-1;0;-1;-1;1;1;2;-1;0;16
2_2:3012210303211230;3;9;0.006018900000000001;0.5009077000000001;3;0;-1;-1;-1;-1;0;3;0;-1;2;1;1;-1;-1;0;16
2_2:3012210303211230;3;10;0.0039581;0.5009077000000001;3;0;-1;-1;-1;1;0;3;0;-1;-1;1;1;-1;3;0;16
2_2:3012210303211230;3;11;0.001904;0.5009077000000001;3;0;1;-1;-1;1;0;3;0;-1;2;1;1;-1;-1;0;16
2_2:2013312013020231;0;4;0.0018074;0.043144300000000003;-1;0;-1;-1;-1;-1;2;-1;-1;3;-1;-1;-1;-1;3;-1;16
2_2:2013312013020231;1;4;0.0017461000000000002;0.0492037;-1;-1;1;-1;3;-1;-1;0;-1;-1;-1;-1;0;-1;-1;-1;16
2_2:2013312013020231;2;4;0.16381;0.17258800000000002;-1;-1;-1;-1;-1;-1;2;-1;-1;3;-1;-1;0;-1;-1;1;16
2_2:2013312013020231;3;4;0.0017098;0.5002151;-1;-1;1;-1;-1;1;-1;-1;-1;-1;-1;2;0;-1;-1;-1;16
2_2:3021210303121230;0;4;0.0014110000000000001;0.0445085;3;-1;-1;-1;-1;-1;-1;3;-1;-1;1;-1;-1;2;-1;-1;16
2_2:3021210303121230;1;4;0.0015602;0.0384358;3;-1;-1;1;-1;-1;0;-1;-1;-1;-1;-1;1;-1;-1;-1;16
2_2:3021210303121230;2;4;0.1661862;0.1690821;-1;0;-1;-1;2;-1;-1;3;-1;-1;-1;2;-1;-1;-1;-1;16
2_2:3021210303121230;3;4;0.0016243000000000002;0.5000714;-1;0;-1;-1;-1;-1;-1;3;-1;-1;1;-1;1;-1;-1;-1;16
2_2:1230032121033012;0;4;0.0045715;0.029523800000000003;-1;2;-1;-1;-1;-1;-1;1;-1;-1;-1;3;-1;0;-1;-1;16
2_2:1230032121033012;0;5;0.0014260000000000002;0.029523800000000003;-1;2;-1;-1;0;-1;-1;-1;-1;-1;-1;3;-1;0;-1;2;16
2_2:1230032121033012;1;4;0.0065681;0.030476200000000002;-1;2;-1;-1;-1;-1;-1;1;-1;-1;-1;3;-1;0;-1;-1;16
2_2:1230032121033012;1;5;0.0013604;0.030476200000000002;-1;-1;-1;0;-1;3;-1;-1;-1;1;-1;3;-1;-1;1;-1;16
2_2:1230032121033012;2;4;0.1512079;0.1645909;1;-1;-1;-1;-1;-1;2;-1;-1;-1;0;-1;3;-1;-1;-1;16
2_2:1230032121033012;3;4;0.0018884000000000001;0.5006766;-1;-1;3;-1;0;-1;-1;-1;-1;1;-1;-1;-1;-1;-1;2;16
2_2:3021123003122103;0;4;0.0013752;0.041582100000000004;-1;-1;2;-1;1;-1;3;-1;-1;3;-1;-1;-1;-1;-1;-1;16
2_2:3021123003122103;1;4;0.0015295;0.0427934;-1;0;-1;-1;-1;-1;-1;-1;-1;-1;1;-1;2;-1;0;-1;16
2_2:3021123003122103;2;4;0.16745970000000002;0.1716659;-1;-1;-1;-1;-1;-1;-1;0;0;-1;-1;2;-1;1;-1;-1;16
2_2:3021123003122103;3;4;0.0033655;0.5001499;3;-1;-1;-1;-1;-1;3;-1;-1;-1;-1;2;-1;1;-1;-1;16
2_2:1023231002313102;0;4;0.0016231000000000002;0.0375963;-1;-1;-1;3;-1;-1;1;-1;-1;-1;-1;-1;3;-1;-1;2;16
2_2:1023231002313102;1;4;0.0013919000000000002;0.040985;-1;-1;-1;-1;2;3;-1;-1;-1;-1;-1;-1;-1;1;0;-1;16
2_2:1023231002313102;2;4;0.15910180000000002;0.1647468;1;0;-1;-1;-1;-1;-1;-1;-1;-1;-1;-1;3;-1;-1;2;16
2_2:1023231002313102;3;4;0.001951;0.5002414000000001;-1;0;-1;-1;-1;-1;1;-1;0;-1;-1;-1;-1;-1;-1;2;16
2_2:0321123031022013;0;4;0.0014085;0.0483851;-1;-1;-1;-1;1;2;-1;-1;-1;-1;-1;2;-1;0;-1;-1;16
2_2:0321123031022013;1;4;0.0028713000000000002;0.053752;-1;3;-1;-1;-1;-1;-1;0;3;-1;-1;-1;-1;-1;1;-1;16
2_2:0321123031022013;2;4;0.1596238;0.1629084;0;-1;-1;-1;-1;2;-1;-1;3;-1;0;-1;-1;-1;-1;-1;16
2_2:0321123031022013;3;4;0.0019007000000000002;0.5005112;-1;-1;-1;1;-1;2;-1;-1;3;-1;-1;-1;-1;-1;1;-1;16
2_2:2031132002133102;0;4;0.0015106000000000002;0.042267700000000005;2;-1;3;-1;1;-1;-1;-1;-1;-1;-1;-1;-1;-1;-1;2;16
2_2:2031132002133102;1;4;0.0015861;0.040372200000000004;-1;0;-1;1;-1;3;-1;-1;-1;-1;-1;-1;-1;-1;-1;2;16
2_2:2031132002133102;2;4;0.1621042;0.20844600000000002;-1;-1;-1;-1;-1;-1;2;-1;0;-1;1;-1;3;-1;-1;-1;16
2_2:2031132002133102;3;4;0.0039027000000000003;0.5001112;-1;-1;-1;1;-1;3;-1;-1;0;-1;-1;-1;-1;-1;0;-1;16
2_2:3120021323011032;0;4;0.0014787000000000001;0.0419538;-1;-1;2;0;-1;-1;-1;-1;-1;3;-1;-1;-1;-1;-1;2;16
2_2:3120021323011032;1;4;0.0013914;0.040763;-1;-1;2;0;-1;-1;-1;-1;-1;3;-1;1;-1;-1;-1;-1;16
2_2:3120021323011032;2;4;0.17080240000000002;0.173909;-1;1;-1;-1;-1;-1;-1;3;2;-1;-1;-1;-1;-1;3;-1;16
2_2:3120021323011032;3;5;0.314691;0.5006726;3;-1;-1;-1;-1;-1;1;-1;-1;-1;0;1;-1;0;-1;-1;16
2_2:3120021323011032;3;6;0.17065940000000002;0.5006726;3;-1;-1;-1;-1;-1;1;3;-1;-1;0;-1;1;0;-1;-1;16
2_2:3120021323011032;3;7;0.06051960000000001;0.5006726;3;-1;-1;-1;-1;-1;1;3;-1;3;0;-1;-1;0;-1;2;16
2_2:3120021323011032;3;8;0.0494693;0.5006726;3;-1;-1;0;-1;-1;1;3;-1;3;0;-1;1;0;-1;-1;16
2_2:3120021323011032;3;9;0.0187543;0.5006726;3;-1;-1;0;0;-1;1;3;-1;3;0;-1;1;0;-1;-1;16
2_2:3120021323011032;3;10;0.0021986;0.5006726;3;-1;-1;0;0;-1;1;3;-1;3;0;-1;-1;0;3;2;16
2_2:0213132020313102;0;4;0.0015245;0.053154900000000005;-1;2;-1;-1;-1;-1;-1;-1;-1;-1;3;-1;-1;1;0;-1;16
2_2:0213132020313102;1;4;0.003144;0.061579800000000004;-1;-1;1;-1;1;-1;-1;-1;-1;0;-1;-1;-1;-1;-1;2;16
2_2:0213132020313102;2;4;0.1730394;0.17587960000000002;-1;2;-1;-1;-1;-1;-1;-1;-1;-1;3;-1;-1;1;0;-1;16
2_2:0213132020313102;3;5;0.2023529;0.5001279000000001;-1;2;-1;-1;-1;-1;-1;0;2;-1;3;-1;3;-1;-1;-1;16
2_2:0213132020313102;3;6;0.1174869;0.5001279000000001;-1;2;-1;-1;-1;-1;-1;0;2;-1;3;-1;3;-1;0;-1;16
2_2:0213132020313102;3;7;0.0366386;0.5001279000000001;0;2;-1;-1;-1;3;-1;0;2;-1;3;-1;-1;-1;0;-1;16
2_2:0213132020313102;3;8;0.0138454;0.5001279000000001;0;2;-1;-1;-1;3;-1;0;2;-1;3;-1;-1;-1;0;2;16
2_2:0213132020313102;3;9;0.0110673;0.5001279000000001;0;2;-1;-1;-1;3;-1;0;2;0;3;-1;-1;-1;0;2;16
2_2:0213132020313102;3;10;0.0019422;0.5001279000000001;0;2;-1;-1;1;-1;2;0;2;0;3;-1;-1;-1;0;2;16
2_2:1320023130122103;0;4;0.0022797;0.0394489;-1;-1;-1;-1;0;-1;3;-1;-1;-1;-1;-1;2;1;-1;-1;16
2_2:1320023130122103;1;4;0.0027564;0.054333200000000005;1;3;-1;-1;-1;-1;-1;-1;-1;0;-1;2;-1;-1;-1;-1;16
2_2:1320023130122103;2;4;0.1608022;0.1658772;-1;3;-1;-1;-1;-1;-1;1;3;0;-1;-1;-1;-1;-1;-1;16
2_2:1320023130122103;3;5;0.1659736;0.5003956;1;-1;-1;-1;-1;-1;3;-1;3;0;-1;-1;-1;-1;-1;3;16
2_2:1320023130122103;3;6;0.0018392;0.5003956;-1;3;-1;-1;-1;-1;3;1;3;0;-1;-1;-1;-1;-1;3;16
2_2:2103302112300312;0;4;0.0013924;0.039462500000000005;-1;-1;-1;-1;3;-1;-1;-1;-1;2;-1;0;-1;-1;-1;2;16
2_2:2103302112300312;1;4;0.0014268;0.041289200000000005;-1;1;-1;3;-1;-1;2;-1;-1;-1;-1;-1;-1;3;-1;-1;16
2_2:2103302112300312;2;4;0.1602566;0.16803400000000002;-1;-1;-1;3;-1;0;-1;1;1;-1;-1;-1;-1;-1;-1;-1;16
2_2:2103302112300312;3;4;0.001726;0.5006981;-1;-1;-1;3;-1;0;-1;-1;1;-1;-1;-1;-1;-1;1;-1;16
2_2:1320023130122103;0;4;0.0026525000000000003;0.0417965;-1;3;-1;0;-1;-1;-1;-1;-1;-1;-1;-1;2;1;-1;-1;16
2_2:1320023130122103;0;5;0.0018244000000000001;0.0417965;1;3;2;-1;-1;-1;-1;-1;-1;-1;-1;-1;2;1;-1;-1;16
2_2:1320023130122103;1;4;0.0014641;0.0448013;-1;-1;2;-1;0;-1;-1;-1;-1;-1;1;-1;-1;-1;-1;3;16
2_2:1320023130122103;2;4;0.1630654;0.19445810000000002;-1;-1;2;-1;-1;-1;-1;1;-1;0;-1;-1;-1;-1;-1;3;16
2_2:1320023130122103;3;4;0.3374169;0.50009;1;-1;-1;-1;-1;-1;3;-1;-1;0;-1;-1;-1;-1;-1;3;16
2_2:1320023130122103;3;5;0.16966540000000002;0.50009;1;-1;-1;-1;-1;-1;3;1;-1;0;-1;-1;-1;-1;-1;3;16
2_2:1320023130122103;3;6;0.0014849000000000002;0.50009;1;3;-1;-1;-1;-1;-1;1;3;0;-1;-1;-1;-1;0;-1;16
2_2:3012120303212130;0;4;0.0027567000000000004;0.042556500000000004;-1;0;1;-1;-1;-1;-1;-1;-1;-1;-1;-1;2;-1;3;-1;16
2_2:3012120303212130;0;5;0.0014336000000000002;0.042556500000000004;3;-1;1;2;-1;-1;-1;-1;-1;-1;-1;-1;2;-1;3;-1;16
2_2:3012120303212130;1;4;0.0015058;0.0471357;-1;0;-1;-1;1;-1;-1;3;-1;-1;2;-1;-1;-1;-1;-1;16
2_2:3012120303212130;2;4;0.16124970000000002;0.184064;-1;-1;-1;-1;1;-1;0;-1;-1;3;2;-1;-1;-1;-1;-1;16
2_2:3012120303212130;3;4;0.3877524;0.5024528;-1;-1;-1;2;1;-1;-1;-1;-1;3;-1;-1;-1;-1;3;-1;16
2_2:3012120303212130;3;5;0.3417674;0.5024528;3;-1;-1;2;1;-1;-1;-1;-1;3;-1;-1;-1;-1;3;-1;16
2_2:3012120303212130;3;6;0.1552066;0.5024528;3;-1;-1;-1;-1;-1;-1;3;-1;3;2;-1;-1;1;3;-1;16
2_2:3012120303212130;3;7;0.095031;0.5024528;3;-1;-1;-1;-1;-1;0;3;-1;3;2;-1;-1;1;3;-1;16
2_2:3012120303212130;3;8;0.047155600000000006;0.5024528;3;-1;1;-1;-1;-1;0;3;-1;3;-1;-1;-1;1;3;0;16
2_2:3012120303212130;3;9;0.0158254;0.5024528;3;-1;1;-1;1;-1;0;3;0;3;-1;-1;-1;-1;3;0;16
2_2:3012120303212130;3;10;0.0041332;0.5024528;3;0;-1;2;-1;2;0;3;0;3;-1;-1;-1;-1;3;0;16
2_2:3012120303212130;3;11;0.0020603;0.5024528;3;0;-1;-1;-1;2;0;3;0;3;2;-1;2;-1;3;0;16
2_2:3012120321300321;0;4;0.0014794;0.041244300000000005;3;-1;-1;-1;1;-1;0;-1;-1;-1;-1;-1;-1;-1;-1;1;16
2_2:3012120321300321;1;4;0.0015994000000000002;0.048989300000000006;-1;0;-1;2;-1;-1;-1;-1;-1;1;3;-1;-1;-1;-1;-1;16
2_2:3012120321300321;2;4;0.165116;0.168906;3;-1;-1;2;-1;-1;0;-1;-1;1;-1;-1;-1;-1;-1;-1;16
2_2:3012120321300321;3;4;0.0020796;0.5000279000000001;3;-1;-1;-1;-1;-1;0;-1;-1;1;-1;-1;-1;-1;-1;1;16
2_2:3210013223011023;0;4;0.0015135;0.0463862;3;-1;-1;-1;-1;1;-1;2;-1;-1;-1;1;-1;-1;-1;-1;16
2_2:3210013223011023;1;4;0.0013876000000000001;0.0393956;-1;-1;-1;-1;-1;1;-1;2;-1;3;0;-1;-1;-1;-1;-1;16
2_2:3210013223011023;2;4;0.1575255;0.1602857;3;-1;-1;0;-1;-1;-1;2;-1;-1;-1;-1;-1;0;-1;-1;16
2_2:3210013223011023;3;4;0.0035141;0.5009683;-1;2;-1;-1;-1;-1;3;-1;-1;-1;-1;1;1;-1;-1;-1;16
2_2:2031312012030312;0;4;0.0021599;0.041403;-1;0;-1;-1;3;-1;-1;-1;1;-1;-1;3;-1;-1;-1;-1;16
2_2:2031312012030312;0;5;0.0013682000000000002;0.041403;-1;-1;-1;-1;3;1;-1;-1;1;2;-1;3;-1;-1;-1;-1;16
2_2:2031312012030312;1;4;0.0020835000000000003;0.0421949;-1;-1;-1;1;-1;-1;2;-1;-1;2;0;-1;-1;-1;-1;-1;16
2_2:2031312012030312;1;5;0.0014237000000000002;0.0421949;-1;-1;-1;-1;-1;1;2;-1;-1;2;0;-1;-1;-1;1;-1;16
2_2:2031312012030312;2;4;0.1591525;0.16418380000000002;-1;-1;-1;-1;-1;-1;2;0;-1;-1;0;-1;-1;3;-1;-1;16
2_2:2031312012030312;3;4;0.3780119;0.5001816;2;-1;-1;-1;-1;-1;-1;0;-1;-1;0;-1;-1;3;-1;-1;16
2_2:2031312012030312;3;5;0.18676810000000002;0.5001816;2;-1;-1;-1;-1;-1;-1;0;-1;-1;0;-1;0;3;-1;-1;16
2_2:2031312012030312;3;6;0.040151200000000005;0.5001816;-1;0;-1;-1;-1;-1;2;0;-1;-1;0;-1;0;3;-1;-1;16
2_2:2031312012030312;3;7;0.0022065;0.5001816;2;0;-1;-1;-1;-1;2;0;-1;-1;0;-1;0;3;-1;-1;16
2_2:0123231032011032;0;4;0.0013603;0.0432193;-1;-1;-1;-1;-1;-1;-1;0;-1;2;-1;-1;1;-1;3;-1;16
2_2:0123231032011032;1;4;0.0014126000000000002;0.042252700000000004;-1;-1;-1;3;-1;-1;-1;-1;-1;2;0;-1;-1;0;-1;-1;16
2_2:0123231032011032;2;4;0.1678156;0.1721049;-1;1;-1;-1;-1;-1;1;-1;3;-1;-1;-1;-1;-1;-1;2;16
2_2:0123231032011032;3;4;0.48335560000000005;0.5006312;-1;1;-1;-1;-1;3;-1;-1;-1;-1;0;-1;-1;-1;3;-1;16
2_2:0123231032011032;3;5;0.1743164;0.5006312;-1;1;-1;-1;-1;-1;-1;0;3;-1;0;-1;-1;-1;3;-1;16
2_2:0123231032011032;3;6;0.094402;0.5006312;-1;1;-1;-1;-1;3;-1;0;-1;-1;0;-1;1;-1;3;-1;16
2_2:0123231032011032;3;7;0.046032000000000003;0.5006312;-1;1;2;-1;-1;3;-1;0;-1;-1;0;1;1;-1;-1;-1;16
2_2:0123231032011032;3;8;0.0335552;0.5006312;0;1;-1;-1;-1;3;-1;0;-1;-1;0;1;1;-1;3;-1;16
2_2:0123231032011032;3;9;0.0105369;0.5006312;0;1;2;-1;-1;3;-1;0;-1;-1;0;1;1;0;-1;-1;16
2_2:0123231032011032;3;10;0.0014921000000000001;0.5006312;0;1;-1;3;-1;-1;1;0;3;-1;0;1;1;0;-1;-1;16
2_2:1230301223010123;0;4;0.0027236;0.0421488;-1;-1;3;0;-1;-1;-1;-1;-1;-1;-1;-1;0;1;-1;-1;16
2_2:1230301223010123;1;4;0.0019937;0.041025900000000004;-1;-1;-1;-1;-1;0;1;-1;-1;3;-1;-1;-1;-1;2;-1;16
2_2:1230301223010123;1;5;0.0014061000000000002;0.041025900000000004;-1;-1;-1;0;-1;0;1;-1;-1;-1;-1;1;-1;-1;2;-1;16
2_2:1230301223010123;2;4;0.1634399;0.1654769;1;2;-1;-1;-1;-1;-1;-1;-1;3;0;-1;-1;-1;-1;-1;16
2_2:1230301223010123;3;4;0.37192260000000005;0.5005733;-1;2;-1;-1;-1;-1;1;-1;2;-1;-1;-1;-1;-1;-1;3;16
2_2:1230301223010123;3;5;0.2763553;0.5005733;-1;2;-1;-1;-1;-1;1;-1;2;-1;-1;-1;-1;-1;2;3;16
2_2:1230301223010123;3;6;0.09878390000000001;0.5005733;1;2;-1;-1;-1;-1;-1;2;2;-1;-1;-1;-1;-1;2;3;16
2_2:1230301223010123;3;7;0.08750480000000001;0.5005733;1;2;-1;0;-1;-1;-1;2;2;3;-1;-1;-1;-1;2;-1;16
2_2:1230301223010123;3;8;0.043448;0.5005733;-1;2;-1;0;-1;-1;1;2;2;3;-1;-1;0;-1;2;-1;16
2_2:1230301223010123;3;9;0.0167063;0.5005733;-1;2;-1;0;-1;0;1;2;2;3;-1;-1;0;-1;2;-1;16
2_2:1230301223010123;3;10;0.001739;0.5005733;1;2;-1;0;-1;0;-1;2;2;-1;0;1;0;-1;2;-1;16
2_2:2130301212030321;0;4;0.0014656;0.041511700000000006;-1;1;-1;0;-1;-1;-1;2;-1;-1;-1;-1;-1;3;-1;-1;16
2_2:2130301212030321;1;4;0.0014059;0.042994300000000006;2;-1;-1;0;3;-1;-1;-1;-1;-1;-1;-1;-1;-1;-1;1;16
2_2:2130301212030321;2;4;0.16233830000000002;0.1642607;-1;1;3;-1;-1;-1;-1;-1;-1;-1;-1;-1;0;-1;2;-1;16
2_2:2130301212030321;3;5;0.26310680000000003;0.5001596;-1;-1;3;-1;3;-1;1;-1;-1;2;-1;-1;-1;-1;-1;1;16
2_2:2130301212030321;3;6;0.10108220000000001;0.5001596;2;-1;3;-1;-1;-1;1;-1;-1;2;-1;-1;-1;3;-1;1;16
2_2:2130301212030321;3;7;0.0179354;0.5001596;2;1;-1;-1;3;-1;1;-1;-1;2;-1;3;-1;-1;-1;1;16
2_2:2130301212030321;3;8;0.009850600000000001;0.5001596;2;1;-1;-1;3;-1;1;-1;-1;2;-1;3;-1;-1;2;1;16
2_2:2130301212030321;3;9;0.007172;0.5001596;2;1;-1;-1;-1;0;1;-1;1;2;-1;3;-1;-1;2;1;16
2_2:2130301212030321;3;10;0.0017589;0.5001596;2;1;-1;-1;3;-1;1;2;1;2;-1;3;-1;-1;2;1;16
2_2:2013130202313120;0;4;0.0014551000000000002;0.0430337;-1;0;1;-1;-1;-1;-1;-1;-1;-1;-1;-1;3;-1;-1;0;16
2_2:2013130202313120;1;4;0.001445;0.0404735;-1;-1;-1;-1;-1;-1;-1;2;0;-1;3;-1;3;-1;-1;-1;16
2_2:2013130202313120;2;4;0.15776880000000001;0.17053780000000002;-1;-1;1;-1;-1;3;0;-1;-1;2;-1;-1;-1;-1;-1;-1;16
2_2:2013130202313120;3;5;0.18122870000000002;0.5005775;-1;-1;1;-1;-1;3;0;-1;0;-1;-1;-1;-1;-1;-1;0;16
2_2:2013130202313120;3;6;0.0430532;0.5005775;-1;0;-1;-1;-1;3;0;-1;0;-1;-1;1;-1;-1;-1;0;16
2_2:2013130202313120;3;7;0.002003;0.5005775;-1;0;1;-1;-1;3;0;-1;0;-1;-1;-1;3;-1;-1;0;16
2_2:1203031231202031;0;4;0.0014262;0.0380322;-1;-1;-1;-1;0;3;-1;-1;-1;-1;-1;-1;2;-1;-1;1;16
2_2:1203031231202031;1;4;0.0014404;0.046147200000000006;-1;-1;-1;-1;0;3;-1;-1;-1;-1;2;-1;-1;0;-1;-1;16
2_2:1203031231202031;2;4;0.1598131;0.1652007;-1;-1;0;3;-1;-1;-1;-1;-1;-1;-1;-1;2;-1;-1;1;16
2_2:1203031231202031;3;4;0.0015539000000000002;0.5017511;1;-1;-1;-1;-1;-1;-1;2;-1;1;-1;-1;-1;-1;3;-1;16
2_2:2301103202133120;0;4;0.0014124;0.0410007;-1;-1;0;1;-1;-1;-1;-1;-1;-1;1;-1;3;-1;-1;-1;16
2_2:2301103202133120;1;4;0.0020895;0.042873600000000005;2;-1;0;-1;-1;-1;-1;-1;-1;-1;1;-1;3;-1;-1;-1;16
2_2:2301103202133120;1;5;0.0015019;0.042873600000000005;2;-1;0;-1;-1;-1;-1;-1;-1;2;1;-1;-1;-1;-1;0;16
2_2:2301103202133120;2;4;0.16257180000000002;0.17012860000000002;2;-1;-1;-1;-1;-1;3;-1;-1;-1;-1;-1;3;1;-1;-1;16
2_2:2301103202133120;3;4;0.33068600000000004;0.5007305000000001;2;-1;-1;-1;-1;-1;3;-1;-1;2;-1;-1;-1;-1;-1;0;16
2_2:2301103202133120;3;5;0.24664450000000002;0.5007305000000001;2;3;-1;-1;-1;-1;3;-1;-1;2;-1;-1;-1;-1;-1;0;16
2_2:2301103202133120;3;6;0.0016745000000000002;0.5007305000000001;2;3;-1;-1;-1;-1;3;-1;0;2;-1;-1;-1;-1;-1;0;16
2_2:1032321021030321;0;4;0.0014129000000000001;0.042323400000000004;-1;-1;3;-1;-1;-1;-1;0;-1;-1;-1;-1;-1;3;2;-1;16
2_2:1032321021030321;1;4;0.0013757;0.0459368;-1;-1;-1;-1;3;2;-1;-1;-1;-1;0;-1;-1;3;-1;-1;16
2_2:1032321021030321;2;4;0.1593714;0.1646398;-1;-1;-1;-1;-1;2;1;-1;2;-1;-1;3;-1;-1;-1;-1;16
2_2:1032321021030321;3;4;0.0016576000000000002;0.5293433000000001;-1;0;-1;-1;-1;-1;1;-1;-1;-1;-1;3;0;-1;-1;-1;16
2_2:1320021320313102;0;4;0.0013917;0.0414097;-1;-1;-1;-1;-1;-1;-1;3;-1;0;-1;-1;3;-1;-1;2;16
2_2:1320021320313102;1;4;0.0014316;0.036168900000000004;-1;-1;2;-1;-1;-1;-1;-1;2;-1;-1;1;3;-1;-1;-1;16
2_2:1320021320313102;2;4;0.1574866;0.1814066;1;-1;-1;-1;0;-1;-1;3;-1;-1;-1;-1;-1;-1;-1;2;16
2_2:1320021320313102;3;5;0.1849647;0.5003169000000001;-1;-1;2;-1;-1;2;-1;-1;-1;-1;-1;1;3;-1;-1;2;16
2_2:1320021320313102;3;6;0.1147708;0.5003169000000001;-1;3;2;-1;-1;2;-1;-1;2;-1;-1;1;-1;-1;-1;2;16
2_2:1320021320313102;3;7;0.0758656;0.5003169000000001;-1;-1;2;0;-1;2;1;-1;2;-1;-1;-1;3;-1;-1;2;16
2_2:1320021320313102;3;8;0.042629600000000004;0.5003169000000001;-1;-1;2;0;0;2;-1;-1;2;-1;-1;1;3;-1;-1;2;16
2_2:1320021320313102;3;9;0.018639100000000002;0.5003169000000001;-1;3;2;0;0;2;-1;-1;2;-1;3;-1;-1;-1;0;2;16
2_2:1320021320313102;3;10;0.0041053;0.5003169000000001;-1;-1;2;0;0;2;1;-1;2;0;-1;-1;3;-1;0;2;16
2_2:1320021320313102;3;11;0.0019278000000000001;0.5003169000000001;-1;3;2;0;0;2;-1;-1;2;0;-1;1;3;-1;0;2;16
2_2:3210103203212103;0;4;0.0023313;0.0430434;-1;-1;1;-1;-1;0;-1;-1;0;3;-1;-1;-1;-1;-1;-1;16
2_2:3210103203212103;0;5;0.0014468;0.0430434;3;-1;-1;-1;-1;0;-1;-1;0;-1;-1;1;-1;1;-1;-1;16
2_2:3210103203212103;1;4;0.0013698;0.0403253;-1;-1;-1;-1;-1;-1;3;2;-1;3;-1;-1;-1;-1;0;-1;16
2_2:3210103203212103;2;4;0.156277;0.1693406;-1;-1;1;0;-1;-1;-1;-1;-1;-1;-1;1;2;-1;-1;-1;16
2_2:3210103203212103;3;5;0.1864308;0.5003739;-1;-1;1;-1;-1;0;-1;-1;-1;-1;-1;1;2;1;-1;-1;16
2_2:3210103203212103;3;6;0.0979093;0.5003739;-1;-1;1;-1;1;0;-1;-1;-1;-1;-1;1;2;1;-1;-1;16
2_2:3210103203212103;3;7;0.05536580000000001;0.5003739;-1;-1;1;-1;1;0;-1;-1;0;-1;-1;1;-1;1;-1;3;16
2_2:3210103203212103;3;8;0.0407773;0.5003739;3;-1;1;-1;1;0;-1;-1;-1;-1;2;1;-1;1;-1;3;16
2_2:3210103203212103;3;9;0.014784;0.5003739;3;2;1;-1;1;-1;3;-1;-1;-1;2;1;-1;1;-1;3;16
2_2:3210103203212103;3;10;0.0024786;0.5003739;3;-1;1;-1;1;-1;3;2;-1;3;2;1;-1;1;-1;3;16
2_2:3012210312300321;0;4;0.0022587;0.029323600000000002;-1;-1;-1;-1;2;-1;0;-1;-1;-1;-1;-1;-1;3;-1;1;16
2_2:3012210312300321;0;5;0.0013619;0.029323600000000002;-1;0;-1;-1;2;-1;-1;-1;-1;-1;-1;0;-1;3;-1;1;16
2_2:3012210312300321;1;4;0.0020377;0.029600500000000002;-1;0;-1;-1;-1;-1;-1;3;-1;2;-1;-1;-1;-1;-1;1;16
2_2:3012210312300321;1;5;0.0013446;0.029600500000000002;-1;0;-1;2;-1;-1;-1;3;-1;2;-1;-1;0;-1;-1;-1;16
2_2:3012210312300321;2;4;0.1562038;0.16866730000000002;3;-1;1;-1;-1;-1;-1;-1;-1;2;-1;0;-1;-1;-1;-1;16
2_2:3012210312300321;3;6;0.3064152;0.5011621;-1;0;-1;2;-1;1;-1;-1;-1;-1;3;0;0;-1;-1;-1;16
2_2:3012210312300321;3;7;0.1033139;0.5011621;-1;0;-1;-1;-1;-1;0;3;1;-1;-1;0;0;-1;2;-1;16
2_2:3012210312300321;3;8;0.041026400000000005;0.5011621;-1;0;-1;-1;-1;-1;0;3;1;-1;-1;0;0;-1;2;1;16
2_2:3012210312300321;3;9;0.014591900000000001;0.5011621;-1;0;1;-1;-1;-1;0;3;1;-1;-1;0;0;3;-1;1;16
2_2:3012210312300321;3;10;0.0034381000000000004;0.5011621;-1;0;1;2;-1;1;0;-1;1;-1;-1;0;0;3;-1;1;16
2_2:1032230131200213;0;4;0.0015040000000000001;0.041560700000000006;-1;-1;-1;-1;-1;3;-1;1;-1;-1;2;0;-1;-1;-1;-1;16
2_2:1032230131200213;1;4;0.0014803000000000001;0.0481844;-1;-1;-1;-1;-1;-1;0;1;3;-1;2;-1;-1;-1;-1;-1;16
2_2:1032230131200213;2;4;0.1565704;0.1588811;1;-1;-1;-1;-1;-1;0;-1;-1;-1;2;-1;-1;-1;-1;3;16
2_2:1032230131200213;3;5;0.3145719;0.5004756;1;0;-1;-1;-1;-1;-1;1;-1;-1;2;-1;0;-1;-1;-1;16
2_2:1032230131200213;3;6;0.0189327;0.5004756;1;-1;-1;-1;-1;-1;0;1;-1;-1;2;0;-1;2;-1;-1;16
2_2:1032230131200213;3;7;0.0028299;0.5004756;1;0;-1;-1;-1;-1;0;1;-1;-1;2;0;-1;2;-1;-1;16
2_2:3210102301322301;0;4;0.0013678000000000002;0.0450677;-1;2;-1;-1;-1;-1;-1;3;-1;1;-1;-1;-1;-1;-1;1;16
2_2:3210102301322301;1;4;0.0024228;0.050747600000000004;-1;2;-1;0;1;-1;-1;-1;-1;-1;3;-1;-1;-1;-1;-1;16
2_2:3210102301322301;2;4;0.15884820000000002;0.16088950000000002;-1;-1;-1;-1;-1;-1;2;-1;-1;1;-1;-1;2;-1;0;-1;16
2_2:3210102301322301;3;5;0.2686605;0.501703;-1;2;-1;-1;-1;-1;-1;3;0;-1;3;-1;-1;-1;0;-1;16
2_2:3210102301322301;3;6;0.016885;0.501703;-1;2;-1;-1;-1;0;-1;3;-1;-1;3;-1;2;-1;0;-1;16
2_2:3210102301322301;3;7;0.0015886000000000001;0.501703;-1;2;-1;0;-1;-1;-1;3;0;-1;3;-1;2;-1;0;-1;16
2_2:3021210303121230;0;4;0.0014334;0.0373314;-1;-1;-1;-1;-1;1;-1;-1;-1;3;-1;2;-1;-1;-1;0;16
2_2:3021210303121230;1;4;0.0014021;0.0414041;-1;0;-1;-1;2;-1;-1;3;-1;-1;-1;2;-1;-1;-1;-1;16
2_2:3021210303121230;2;4;0.15564250000000002;0.1796201;-1;-1;-1;-1;-1;-1;-1;3;-1;3;-1;2;1;-1;-1;-1;16
2_2:3021210303121230;3;5;0.2712915;0.5003317;3;-1;-1;1;2;-1;-1;-1;-1;3;-1;-1;-1;-1;3;-1;16
2_2:3021210303121230;3;6;0.0020570000000000002;0.5003317;3;-1;-1;-1;2;-1;-1;3;-1;3;1;-1;-1;-1;3;-1;16
2_2:0231132030122103;0;4;0.0018784000000000001;0.0443867;-1;-1;3;-1;1;-1;-1;-1;3;0;-1;-1;-1;-1;-1;-1;16
2_2:0231132030122103;1;4;0.0014729;0.0449304;-1;2;-1;1;-1;-1;-1;-1;3;-1;1;-1;-1;-1;-1;-1;16
2_2:0231132030122103;2;4;0.15077300000000002;0.1549508;-1;-1;3;-1;-1;-1;-1;0;-1;-1;1;-1;2;-1;-1;-1;16
2_2:0231132030122103;3;4;0.3702514;0.5000179;-1;-1;3;-1;1;-1;-1;-1;-1;0;-1;-1;-1;-1;-1;3;16
2_2:0231132030122103;3;5;0.3205442;0.5000179;-1;-1;3;-1;1;3;-1;-1;-1;0;-1;-1;-1;-1;-1;3;16
2_2:0231132030122103;3;6;0.022823700000000002;0.5000179;-1;-1;3;-1;1;3;-1;-1;3;-1;-1;-1;-1;-1;0;3;16
2_2:0231132030122103;3;7;0.0015177;0.5000179;-1;-1;3;-1;1;3;-1;-1;3;-1;-1;2;-1;1;-1;3;16
2_2:1320021320313102;0;4;0.0014375000000000002;0.043090300000000005;1;-1;-1;-1;-1;-1;-1;-1;2;-1;3;-1;-1;-1;0;-1;16
2_2:1320021320313102;1;4;0.0028399000000000002;0.049488500000000005;1;-1;-1;0;0;-1;-1;-1;-1;-1;3;-1;-1;-1;-1;-1;16
2_2:1320021320313102;1;5;0.0020119;0.049488500000000005;-1;-1;-1;0;0;-1;1;-1;-1;-1;3;-1;3;-1;-1;-1;16
2_2:1320021320313102;2;4;0.1599585;0.1615298;1;-1;-1;-1;0;-1;-1;-1;-1;-1;3;-1;-1;-1;0;-1;16
2_2:1320021320313102;3;4;0.0015942;0.5001391000000001;-1;-1;-1;0;0;-1;-1;-1;-1;-1;3;-1;-1;1;-1;-1;16
2_2:1320201332010132;0;4;0.0022402000000000004;0.0462003;-1;-1;2;-1;-1;0;-1;-1;3;2;-1;-1;-1;-1;-1;-1;16
2_2:1320201332010132;1;4;0.0013635000000000001;0.028156300000000002;-1;-1;-1;-1;-1;0;1;-1;3;-1;-1;-1;-1;1;-1;-1;16
2_2:1320201332010132;2;4;0.15482500000000002;0.15668590000000002;1;3;-1;-1;-1;-1;-1;-1;-1;-1;-1;-1;0;-1;-1;2;16
2_2:1320201332010132;3;4;0.0016282;0.5013155;1;-1;-1;-1;-1;-1;-1;3;-1;-1;0;-1;-1;1;-1;-1;16
2_2:3021120301322310;0;4;0.0014273;0.043055;-1;-1;-1;-1;-1;2;-1;3;-1;-1;-1;2;-1;-1;1;-1;16
2_2:3021120301322310;1;4;0.0021157000000000003;0.0386931;-1;-1;-1;-1;-1;2;-1;3;-1;-1;-1;-1;-1;-1;1;0;16
2_2:3021120301322310;1;5;0.0014737;0.0386931;-1;-1;2;-1;-1;2;-1;3;-1;-1;3;-1;-1;-1;-1;0;16
2_2:3021120301322310;2;4;0.16035010000000002;0.1797052;-1;-1;-1;1;-1;-1;0;-1;-1;1;-1;2;-1;-1;-1;-1;16
2_2:3021120301322310;3;4;0.0021482000000000003;0.5059873;-1;0;-1;-1;-1;-1;-1;3;0;-1;-1;-1;-1;-1;1;-1;16
2_2:0213130231202031;0;4;0.0024184000000000002;0.030183900000000003;-1;-1;-1;3;1;-1;-1;-1;-1;-1;2;-1;-1;0;-1;-1;16
2_2:0213130231202031;0;5;0.0013146000000000002;0.030183900000000003;-1;-1;-1;-1;1;3;-1;-1;-1;-1;2;-1;-1;0;-1;1;16
2_2:0213130231202031;1;4;0.0013496;0.032828500000000004;-1;-1;-1;-1;-1;3;0;-1;-1;-1;-1;-1;2;-1;-1;1;16
2_2:0213130231202031;2;4;0.15591290000000002;0.20455040000000002;-1;-1;-1;3;1;-1;-1;-1;-1;-1;2;-1;-1;0;-1;-1;16
2_2:0213130231202031;3;5;0.34974380000000005;0.5002123;-1;2;-1;-1;-1;-1;0;-1;3;-1;-1;-1;2;-1;-1;1;16
2_2:0213130231202031;3;6;0.0016605;0.5002123;-1;2;-1;-1;-1;3;0;-1;-1;-1;-1;0;2;-1;-1;1;16
2_2:2301102332100132;0;4;0.0014092;0.0455978;-1;-1;-1;-1;-1;0;-1;-1;-1;2;-1;0;-1;-1;3;-1;16
2_2:2301102332100132;1;4;0.0014425;0.0476117;2;-1;0;-1;-1;-1;-1;-1;-1;-1;-1;-1;-1;1;-1;2;16
2_2:2301102332100132;2;4;0.1631544;0.17139970000000002;-1;-1;-1;-1;-1;0;-1;3;3;-1;1;-1;-1;-1;-1;-1;16
2_2:2301102332100132;3;5;0.2831734;0.5001573;2;-1;-1;-1;1;-1;2;-1;-1;-1;-1;0;-1;1;-1;-1;16
2_2:2301102332100132;3;6;0.0014759;0.5001573;2;-1;0;-1;1;-1;2;-1;-1;-1;-1;0;-1;1;-1;-1;16
2_2:3201103201232310;0;4;0.0019083000000000001;0.0444348;-1;2;-1;-1;-1;0;3;-1;-1;-1;-1;-1;-1;-1;1;-1;16
2_2:3201103201232310;1;4;0.0013980000000000002;0.043260700000000006;3;-1;0;-1;1;-1;-1;-1;-1;-1;-1;3;-1;-1;-1;-1;16
2_2:3201103201232310;2;4;0.1608588;0.166164;-1;-1;0;-1;-1;-1;-1;-1;0;-1;2;-1;-1;3;-1;-1;16
2_2:3201103201232310;3;5;0.28046560000000004;0.5004769;-1;2;-1;1;-1;0;-1;-1;-1;-1;2;-1;2;-1;-1;-1;16
2_2:3201103201232310;3;6;0.10236980000000001;0.5004769;-1;2;-1;-1;-1;-1;-1;2;0;-1;2;-1;2;-1;1;-1;16
2_2:3201103201232310;3;7;0.0901836;0.5004769;-1;2;0;-1;-1;0;-1;2;-1;-1;2;3;2;-1;-1;-1;16
2_2:3201103201232310;3;8;0.0410316;0.5004769;-1;2;-1;1;1;-1;-1;2;-1;-1;2;3;2;3;-1;-1;16
2_2:3201103201232310;3;9;0.0168013;0.5004769;-1;2;0;-1;-1;-1;3;2;0;-1;2;3;2;3;-1;-1;16
2_2:3201103201232310;3;10;0.0021022000000000002;0.5004769;3;2;0;-1;-1;-1;3;2;0;-1;2;3;2;3;-1;-1;16
2_2:3012210312300321;0;4;0.008683600000000001;0.0349237;-1;-1;-1;2;-1;1;-1;-1;-1;-1;-1;0;-1;3;-1;-1;16
2_2:3012210312300321;0;5;0.0013532000000000001;0.0349237;-1;0;-1;-1;2;-1;-1;-1;-1;-1;-1;0;-1;3;-1;1;16
2_2:3012210312300321;1;4;0.006182300000000001;0.0343768;-1;-1;-1;2;-1;1;-1;-1;-1;-1;-1;0;-1;3;-1;-1;16
2_2:3012210312300321;1;5;0.0014356;0.0343768;-1;0;-1;2;-1;-1;0;-1;-1;2;-1;-1;-1;-1;-1;1;16
2_2:3012210312300321;2;4;0.1515099;0.21776350000000003;-1;-1;-1;2;-1;1;-1;-1;-1;-1;-1;0;-1;3;-1;-1;16
2_2:3012210312300321;3;5;0.3154467;0.5001443;3;-1;1;-1;2;-1;-1;-1;-1;-1;-1;0;-1;3;-1;-1;16
2_2:3012210312300321;3;6;0.0017318000000000001;0.5001443;3;-1;-1;-1;-1;-1;0;-1;-1;2;-1;0;-1;3;-1;1;16
2_2:2031312013020213;0;4;0.0035447;0.0313811;-1;-1;-1;-1;3;-1;-1;0;-1;-1;-1;-1;-1;2;1;-1;16
2_2:2031312013020213;0;5;0.0013512;0.0313811;-1;0;-1;-1;3;-1;-1;0;-1;-1;-1;-1;-1;-1;1;3;16
2_2:2031312013020213;1;4;0.0017859000000000002;0.0377887;-1;-1;-1;-1;3;-1;-1;0;-1;-1;-1;-1;-1;2;1;-1;16
2_2:2031312013020213;2;4;0.1631281;0.21410410000000002;2;-1;-1;1;-1;-1;-1;-1;-1;3;0;-1;-1;-1;-1;-1;16
2_2:2031312013020213;3;5;0.1562692;0.5001054;2;-1;-1;1;3;-1;-1;-1;-1;-1;0;-1;-1;2;-1;-1;16
2_2:2031312013020213;3;6;0.0017538;0.5001054;2;-1;-1;1;-1;-1;-1;0;-1;3;0;-1;-1;2;-1;-1;16
2_2:0312120331202031;0;4;0.0014279000000000002;0.0370756;-1;-1;1;2;-1;-1;-1;-1;3;-1;-1;0;-1;-1;-1;-1;16
2_2:0312120331202031;1;4;0.0022275000000000003;0.040418800000000005;-1;-1;-1;-1;1;2;-1;-1;-1;-1;2;-1;-1;0;-1;-1;16
2_2:0312120331202031;1;5;0.0015116;0.040418800000000005;-1;-1;-1;-1;1;2;0;-1;-1;1;2;-1;-1;-1;-1;-1;16
2_2:0312120331202031;2;4;0.15976780000000002;0.1830652;-1;3;-1;-1;1;-1;-1;-1;-1;-1;-1;-1;2;-1;-1;1;16
2_2:0312120331202031;3;4;0.0030973000000000003;0.5002018;-1;-1;1;-1;-1;2;-1;-1;-1;-1;-1;0;2;-1;-1;-1;16
2_2:2031132031020213;0;4;0.0014377;0.0440086;-1;-1;-1;-1;-1;3;-1;-1;-1;-1;-1;2;0;-1;-1;3;16
2_2:2031132031020213;1;4;0.0018558000000000001;0.0417594;-1;-1;-1;1;-1;3;2;-1;-1;-1;-1;-1;-1;2;-1;-1;16
2_2:2031132031020213;1;5;0.0014413000000000002;0.0417594;-1;-1;-1;1;-1;-1;2;0;3;-1;-1;-1;-1;2;-1;-1;16
2_2:2031132031020213;2;4;0.16736040000000002;0.18785220000000002;-1;0;3;-1;-1;-1;-1;-1;-1;1;-1;2;-1;-1;-1;-1;16
2_2:2031132031020213;3;5;0.1853217;0.5000385;-1;-1;-1;1;-1;3;-1;0;-1;-1;0;-1;0;-1;-1;-1;16
2_2:2031132031020213;3;6;0.0015766;0.5000385;-1;0;-1;1;-1;3;-1;0;-1;-1;0;-1;0;-1;-1;-1;16
2_2:3021120301322310;0;4;0.0014471;0.044709000000000006;-1;0;-1;1;-1;-1;-1;-1;-1;-1;3;-1;-1;-1;-1;0;16
2_2:3021120301322310;1;4;0.0013145000000000001;0.0410429;-1;-1;2;-1;1;-1;-1;-1;0;-1;-1;-1;-1;-1;1;-1;16
2_2:3021120301322310;2;4;0.1590234;0.16376890000000002;3;-1;-1;-1;-1;-1;0;-1;-1;-1;-1;2;-1;-1;1;-1;16
2_2:3021120301322310;3;4;0.3193143;0.5014558;-1;0;-1;-1;-1;-1;-1;3;0;-1;-1;-1;-1;-1;1;-1;16
2_2:3021120301322310;3;5;0.16899920000000002;0.5014558;-1;0;-1;-1;-1;-1;-1;3;0;1;-1;-1;-1;-1;1;-1;16
2_2:3021120301322310;3;6;0.0018654000000000001;0.5014558;3;-1;-1;-1;-1;-1;0;3;-1;1;-1;-1;-1;-1;1;0;16
2_2:1203032130122130;0;4;0.0014209000000000001;0.038667200000000006;-1;-1;-1;-1;0;-1;-1;1;-1;-1;-1;-1;2;-1;3;-1;16
2_2:1203032130122130;1;4;0.0017038;0.0462973;-1;2;0;-1;-1;-1;-1;-1;3;-1;1;-1;-1;-1;-1;-1;16
2_2:1203032130122130;2;4;0.15553750000000002;0.1587587;-1;-1;-1;-1;0;-1;-1;-1;-1;-1;1;-1;2;-1;-1;0;16
2_2:1203032130122130;3;5;0.15922660000000002;0.5007;-1;2;-1;3;-1;3;-1;-1;-1;-1;1;-1;2;-1;-1;-1;16
2_2:1203032130122130;3;6;0.0014359000000000002;0.5007;-1;2;-1;-1;-1;3;-1;1;-1;-1;1;-1;2;-1;3;-1;16
2_2:2310103201233201;0;4;0.0013632000000000002;0.043399200000000006;-1;-1;-1;-1;1;-1;-1;-1;-1;-1;-1;3;-1;2;0;-1;16
2_2:2310103201233201;1;4;0.0013310000000000002;0.041184000000000005;-1;3;1;-1;-1;-1;-1;2;-1;1;-1;-1;-1;-1;-1;-1;16
2_2:2310103201233201;2;4;0.1572301;0.1708567;-1;3;-1;0;1;-1;-1;-1;-1;-1;2;-1;-1;-1;-1;-1;16
2_2:2310103201233201;3;4;0.0016453000000000001;0.5042338000000001;-1;3;-1;-1;-1;-1;3;-1;0;-1;-1;-1;-1;-1;-1;1;16
2_2:3201103223100123;0;4;0.0021306000000000003;0.044213100000000005;-1;2;-1;-1;-1;-1;-1;-1;-1;-1;-1;0;-1;1;-1;3;16
2_2:3201103223100123;0;5;0.0015163000000000002;0.044213100000000005;-1;2;-1;1;-1;-1;-1;2;-1;-1;-1;-1;-1;1;-1;3;16
2_2:3201103223100123;1;4;0.0014539000000000002;0.0427451;-1;-1;-1;1;-1;0;-1;2;-1;3;-1;-1;-1;-1;-1;-1;16
2_2:3201103223100123;2;4;0.16170610000000002;0.2015615;-1;-1;0;-1;1;-1;-1;-1;-1;3;-1;-1;-1;-1;-1;3;16
2_2:3201103223100123;3;4;0.35215080000000004;0.5002362;3;-1;-1;-1;-1;-1;3;-1;-1;-1;-1;0;-1;1;-1;-1;16
2_2:3201103223100123;3;5;0.3166753;0.5002362;3;-1;0;-1;-1;-1;3;-1;-1;-1;-1;0;-1;1;-1;-1;16
2_2:3201103223100123;3;6;0.0902357;0.5002362;3;-1;0;-1;1;-1;-1;-1;-1;-1;-1;0;-1;1;-1;3;16
2_2:3201103223100123;3;7;0.0779301;0.5002362;-1;-1;0;-1;1;0;-1;-1;2;-1;-1;0;-1;1;-1;3;16
2_2:3201103223100123;3;8;0.0356603;0.5002362;-1;-1;0;1;1;0;-1;-1;2;-1;-1;0;-1;1;-1;3;16
2_2:3201103223100123;3;9;0.013467400000000001;0.5002362;-1;-1;0;1;1;0;-1;-1;2;-1;1;0;-1;1;-1;3;16
2_2:3201103223100123;3;10;0.0017227000000000002;0.5002362;-1;-1;0;1;1;0;-1;-1;-1;3;1;0;0;1;2;-1;16
2_2:3120201313020231;0;4;0.0013885000000000002;0.041648700000000004;-1;1;-1;0;-1;-1;-1;3;-1;-1;-1;-1;0;-1;-1;-1;16
2_2:3120201313020231;1;4;0.0015469000000000001;0.049369100000000006;-1;-1;-1;-1;-1;0;-1;-1;-1;3;-1;2;-1;-1;-1;1;16
2_2:3120201313020231;2;4;0.1869213;0.19012530000000002;3;-1;-1;-1;-1;-1;1;-1;-1;-1;-1;2;-1;2;-1;-1;16
2_2:3120201313020231;3;4;0.47349070000000004;0.5013182;-1;-1;-1;-1;-1;0;-1;-1;1;-1;-1;2;-1;-1;-1;1;16
2_2:3120201313020231;3;5;0.2509272;0.5013182;-1;1;-1;-1;-1;0;1;-1;-1;-1;-1;2;0;-1;-1;-1;16
2_2:3120201313020231;3;6;0.0196811;0.5013182;-1;-1;2;-1;-1;0;1;-1;1;-1;-1;2;0;-1;-1;-1;16
2_2:3120201313020231;3;7;0.0017536000000000001;0.5013182;-1;-1;2;-1;-1;0;1;-1;1;-1;-1;2;0;-1;-1;1;16
2_2:3102201313200231;0;4;0.004842;0.028635900000000002;-1;1;-1;2;-1;-1;-1;-1;-1;-1;-1;-1;0;-1;3;-1;16
2_2:3102201313200231;0;5;0.0015420000000000002;0.028635900000000002;-1;1;0;2;-1;-1;-1;-1;-1;-1;-1;-1;-1;2;-1;1;16
2_2:3102201313200231;1;4;0.0128033;0.035747;3;-1;-1;-1;-1;-1;1;-1;-1;-1;-1;0;-1;2;-1;-1;16
2_2:3102201313200231;1;5;0.0013412;0.035747;-1;-1;-1;2;-1;-1;1;-1;-1;3;-1;0;-1;2;-1;-1;16
2_2:3102201313200231;2;4;0.1562383;0.16977530000000002;-1;-1;-1;-1;2;-1;1;-1;-1;3;-1;0;-1;-1;-1;-1;16
2_2:3102201313200231;3;5;0.32732310000000003;0.500568;-1;1;-1;-1;-1;-1;1;3;-1;-1;2;-1;0;-1;-1;-1;16
2_2:3102201313200231;3;6;0.0330401;0.500568;3;1;-1;-1;-1;-1;1;-1;-1;-1;-1;0;0;2;-1;-1;16
2_2:3102201313200231;3;7;0.021840400000000003;0.500568;-1;1;0;-1;2;-1;1;-1;-1;-1;-1;0;0;2;-1;-1;16
2_2:3102201313200231;3;8;0.0014921000000000001;0.500568;-1;1;0;-1;-1;-1;1;3;-1;-1;2;0;0;2;-1;-1;16
2_2:2103301203211230;0;4;0.006273900000000001;0.035758500000000006;-1;-1;-1;-1;3;-1;1;-1;-1;-1;-1;-1;-1;2;-1;0;16
2_2:2103301203211230;0;5;0.002411;0.035758500000000006;-1;-1;-1;-1;3;-1;1;-1;-1;-1;-1;-1;1;2;3;-1;16
2_2:2103301203211230;1;4;0.0038083;0.038096500000000005;2;-1;0;-1;-1;-1;-1;-1;-1;3;-1;1;-1;-1;-1;-1;16
2_2:2103301203211230;1;5;0.0021825;0.038096500000000005;2;-1;-1;-1;-1;0;-1;-1;-1;-1;-1;1;-1;2;-1;0;16
2_2:2103301203211230;2;4;0.18611560000000002;0.2289109;-1;-1;-1;-1;3;-1;1;-1;-1;-1;-1;-1;-1;2;-1;0;16
2_2:2103301203211230;3;4;0.0016430000000000001;0.5003142;2;-1;-1;-1;-1;-1;1;-1;-1;3;-1;-1;-1;-1;-1;0;16
2_2:0231310223101023;0;4;0.0026230000000000003;0.0503281;-1;2;-1;-1;3;-1;-1;-1;-1;-1;-1;-1;-1;0;2;-1;16
2_2:0231310223101023;1;4;0.0019299;0.0448534;-1;-1;-1;1;3;-1;-1;-1;-1;-1;-1;-1;1;0;-1;-1;16
2_2:0231310223101023;2;4;0.16600040000000002;0.1700613;-1;-1;3;-1;-1;1;-1;-1;-1;-1;-1;-1;-1;0;2;-1;16
2_2:0231310223101023;3;4;0.0014372;0.5013664;-1;-1;-1;1;3;-1;-1;-1;-1;-1;1;-1;-1;0;-1;-1;16
2_2:3201013213202013;0;4;0.0013977;0.0430571;-1;2;-1;-1;-1;-1;3;-1;1;-1;-1;-1;-1;-1;-1;3;16
2_2:3201013213202013;1;4;0.0014151;0.0407111;3;2;-1;-1;-1;-1;-1;-1;-1;-1;-1;-1;-1;-1;1;3;16
2_2:3201013213202013;2;4;0.1563158;0.1635675;-1;-1;0;-1;-1;1;-1;-1;-1;3;-1;-1;2;-1;-1;-1;16
2_2:3201013213202013;3;4;0.0014777000000000002;0.5008206000000001;-1;-1;0;-1;-1;1;-1;-1;1;-1;-1;-1;-1;-1;-1;3;16
2_2:0231132021033012;0;4;0.0021428000000000003;0.0403859;-1;-1;-1;-1;-1;-1;2;0;-1;-1;-1;-1;3;-1;1;-1;16
2_2:0231132021033012;0;5;0.0013818;0.0403859;-1;-1;-1;-1;-1;-1;2;0;-1;-1;-1;-1;-1;0;1;2;16
2_2:0231132021033012;1;4;0.0013249000000000002;0.042168500000000005;-1;2;-1;1;-1;-1;-1;-1;-1;-1;-1;3;-1;0;-1;-1;16
2_2:0231132021033012;2;4;0.15600440000000002;0.1580496;0;2;-1;-1;-1;-1;-1;-1;-1;-1;0;3;-1;-1;-1;-1;16
2_2:0231132021033012;3;5;0.2752172;0.5004715000000001;0;-1;-1;-1;-1;-1;2;-1;-1;1;-1;-1;-1;-1;1;2;16
2_2:0231132021033012;3;6;0.0848981;0.5004715000000001;0;-1;-1;-1;-1;-1;2;0;2;1;-1;-1;-1;-1;1;-1;16
2_2:0231132021033012;3;7;0.0014974;0.5004715000000001;0;2;-1;-1;-1;-1;-1;0;-1;1;0;-1;3;-1;1;-1;16
2_2:1230032121033012;0;4;0.0015860000000000002;0.0346293;-1;-1;-1;-1;-1;3;-1;1;2;-1;0;-1;-1;-1;-1;-1;16
2_2:1230032121033012;1;4;0.0028478;0.029404100000000002;-1;-1;-1;0;-1;3;-1;-1;2;-1;-1;-1;-1;-1;1;-1;16
2_2:1230032121033012;1;5;0.0012974;0.029404100000000002;-1;-1;-1;-1;0;3;-1;-1;-1;1;-1;3;-1;-1;1;-1;16
2_2:1230032121033012;2;4;0.16695700000000002;0.21224320000000002;-1;-1;3;-1;0;-1;-1;-1;-1;1;-1;-1;-1;-1;-1;2;16
2_2:1230032121033012;3;6;0.3201763;0.5007478000000001;1;-1;-1;-1;-1;3;-1;1;2;-1;0;-1;-1;-1;1;-1;16
2_2:1230032121033012;3;7;0.09557790000000001;0.5007478000000001;1;-1;-1;-1;-1;-1;2;1;-1;1;-1;3;-1;0;1;-1;16
2_2:1230032121033012;3;8;0.0420171;0.5007478000000001;1;-1;3;-1;0;-1;-1;1;-1;1;-1;-1;-1;0;1;2;16
2_2:1230032121033012;3;9;0.014859400000000002;0.5007478000000001;1;-1;3;-1;0;-1;-1;1;-1;1;0;-1;-1;0;1;2;16
2_2:1230032121033012;3;10;0.0019228000000000001;0.5007478000000001;1;2;-1;0;0;-1;-1;1;-1;1;0;-1;-1;0;1;2;16
2_2:0312213030211203;0;4;0.0013486000000000001;0.030820900000000002;-1;3;-1;-1;-1;-1;-1;0;-1;-1;-1;1;-1;2;-1;-1;16
2_2:0312213030211203;1;4;0.0154762;0.038145500000000006;0;-1;1;-1;-1;-1;-1;-1;-1;-1;-1;-1;-1;2;-1;3;16
2_2:0312213030211203;1;5;0.0013136;0.038145500000000006;0;-1;1;-1;2;-1;-1;-1;-1;-1;-1;-1;-1;-1;0;3;16
2_2:0312213030211203;2;4;0.16500250000000002;0.1915086;0;-1;-1;-1;-1;-1;3;-1;-1;-1;2;-1;1;-1;-1;-1;16
2_2:0312213030211203;3;6;0.3393352;0.5001492000000001;0;-1;-1;-1;-1;1;3;-1;-1;-1;-1;1;1;2;-1;-1;16
2_2:0312213030211203;3;7;0.0815498;0.5001492000000001;-1;-1;1;2;-1;1;-1;-1;3;-1;-1;1;1;-1;0;-1;16
2_2:0312213030211203;3;8;0.0463485;0.5001492000000001;-1;-1;1;2;-1;1;3;-1;3;-1;-1;1;1;2;-1;-1;16
2_2:0312213030211203;3;9;0.0196017;0.5001492000000001;-1;-1;1;2;-1;1;3;-1;3;0;-1;1;1;-1;-1;3;16
2_2:0312213030211203;3;10;0.0018801000000000002;0.5001492000000001;-1;3;1;-1;-1;1;3;0;3;-1;-1;1;1;2;-1;3;16
2_2:2301013232101023;0;4;0.0021102;0.0399807;2;-1;-1;1;-1;-1;3;-1;-1;-1;-1;-1;1;-1;-1;-1;16
2_2:2301013232101023;0;5;0.0013769000000000001;0.0399807;2;-1;0;-1;-1;1;-1;2;-1;-1;-1;-1;1;-1;-1;-1;16
2_2:2301013232101023;1;4;0.0022411;0.042360300000000004;-1;-1;-1;-1;-1;-1;-1;2;3;-1;-1;0;1;-1;-1;-1;16
2_2:2301013232101023;1;5;0.0014254;0.042360300000000004;-1;-1;-1;1;-1;-1;-1;-1;3;-1;1;-1;-1;0;-1;3;16
2_2:2301013232101023;2;4;0.1554926;0.1580666;2;-1;0;-1;-1;1;-1;-1;-1;-1;-1;-1;-1;-1;2;-1;16
2_2:2301013232101023;3;4;0.0015534000000000001;0.5064277;-1;-1;-1;1;0;-1;-1;-1;-1;2;-1;-1;-1;-1;2;-1;16
2_2:1230032130122103;0;4;0.0108514;0.0331891;1;-1;3;-1;-1;-1;-1;-1;-1;0;-1;2;-1;-1;-1;-1;16
2_2:1230032130122103;0;5;0.0013462;0.0331891;1;2;-1;-1;0;-1;-1;-1;-1;-1;-1;2;-1;-1;0;-1;16
2_2:1230032130122103;1;4;0.0021286;0.0317993;-1;2;-1;-1;-1;-1;-1;1;3;-1;-1;-1;-1;-1;0;-1;16
2_2:1230032130122103;1;5;0.0013238;0.0317993;-1;-1;-1;-1;-1;-1;2;1;3;-1;-1;-1;-1;1;0;-1;16
2_2:1230032130122103;2;4;0.1644437;0.1671304;-1;2;-1;-1;-1;-1;-1;1;-1;0;-1;-1;-1;-1;-1;3;16
2_2:1230032130122103;3;5;0.40269900000000003;0.5010362;-1;-1;-1;0;-1;3;-1;-1;3;-1;1;-1;2;-1;-1;-1;16
2_2:1230032130122103;3;6;0.13077350000000001;0.5010362;-1;2;-1;0;-1;3;-1;1;3;-1;-1;-1;-1;-1;0;-1;16
2_2:1230032130122103;3;7;0.0939932;0.5010362;-1;2;-1;0;-1;3;-1;1;3;-1;-1;-1;-1;-1;0;3;16
2_2:1230032130122103;3;8;0.047170800000000006;0.5010362;1;-1;-1;0;-1;3;2;-1;3;0;-1;-1;-1;-1;0;3;16
2_2:1230032130122103;3;9;0.0194935;0.5010362;-1;-1;3;0;-1;3;-1;1;3;0;-1;-1;2;-1;0;3;16
2_2:1230032130122103;3;10;0.0018495;0.5010362;-1;-1;3;0;0;3;-1;-1;3;0;-1;2;-1;1;0;3;16
2_2:1230301223010123;0;4;0.0016998;0.05820790000000001;1;-1;-1;-1;-1;0;-1;-1;2;-1;-1;1;-1;-1;-1;-1;16
2_2:1230301223010123;1;4;0.0021579;0.053754;-1;-1;3;0;-1;-1;-1;-1;2;-1;-1;1;-1;-1;-1;-1;16
2_2:1230301223010123;1;5;0.0016936000000000002;0.053754;-1;-1;3;0;-1;-1;-1;2;2;-1;-1;-1;-1;1;-1;-1;16
2_2:1230301223010123;2;4;0.1870738;0.19655270000000002;-1;-1;-1;-1;-1;0;1;-1;2;-1;-1;-1;-1;1;-1;-1;16
2_2:1230301223010123;3;5;0.1922713;0.5001985;-1;-1;-1;0;3;0;-1;-1;-1;3;-1;-1;-1;-1;2;-1;16
2_2:1230301223010123;3;6;0.10826160000000001;0.5001985;-1;-1;-1;0;3;0;-1;-1;2;3;-1;-1;-1;-1;2;-1;16
2_2:1230301223010123;3;7;0.083249;0.5001985;-1;-1;-1;0;3;0;-1;2;2;3;-1;-1;-1;-1;2;-1;16
2_2:1230301223010123;3;8;0.037648400000000005;0.5001985;-1;2;3;0;-1;0;-1;2;2;-1;-1;-1;-1;-1;2;3;16
2_2:1230301223010123;3;9;0.0132502;0.5001985;-1;2;-1;0;3;0;-1;2;2;-1;0;-1;-1;1;2;-1;16
2_2:1230301223010123;3;10;0.0035762000000000003;0.5001985;1;2;-1;0;-1;0;-1;2;2;-1;0;-1;0;-1;2;3;16
2_2:1230301223010123;3;11;0.0016475;0.5001985;-1;2;-1;0;3;0;-1;2;2;3;0;-1;0;-1;2;3;16
2_2:1032231032010123;0;4;0.0020671;0.0394042;-1;0;3;-1;-1;3;-1;-1;-1;-1;-1;1;-1;-1;-1;-1;16
2_2:1032231032010123;0;5;0.0013324;0.0394042;-1;0;3;-1;-1;3;1;-1;-1;-1;-1;-1;-1;1;-1;-1;16
2_2:1032231032010123;1;4;0.0013378;0.0428873;-1;0;-1;-1;-1;-1;-1;-1;-1;2;-1;1;-1;-1;-1;3;16
2_2:1032231032010123;2;4;0.1882992;0.21281480000000003;-1;0;-1;2;-1;-1;-1;-1;3;-1;-1;1;-1;-1;-1;-1;16
2_2:1032231032010123;3;5;0.3403646;0.5005309;1;-1;-1;-1;-1;-1;-1;0;-1;2;-1;-1;-1;1;2;-1;16
2_2:1032231032010123;3;6;0.13873080000000002;0.5005309;1;-1;-1;2;-1;-1;-1;0;-1;2;0;-1;-1;1;-1;-1;16
2_2:1032231032010123;3;7;0.0262994;0.5005309;1;0;-1;-1;-1;-1;-1;0;3;-1;0;-1;-1;1;2;-1;16
2_2:1032231032010123;3;8;0.0094254;0.5005309;1;0;-1;-1;2;-1;-1;0;-1;-1;0;1;-1;1;2;-1;16
2_2:1032231032010123;3;9;0.004791500000000001;0.5005309;1;0;-1;-1;-1;3;-1;0;-1;-1;0;1;0;1;2;-1;16
2_2:1032231032010123;3;10;0.0017895;0.5005309;1;0;-1;-1;-1;-1;1;0;-1;2;0;1;0;1;2;-1;16
2_2:0123230112303012;0;4;0.0013165000000000002;0.0388827;-1;-1;2;-1;-1;-1;-1;1;1;-1;-1;0;-1;-1;-1;-1;16
2_2:0123230112303012;1;4;0.0013339;0.043284;-1;-1;-1;3;2;-1;-1;-1;-1;-1;-1;0;-1;-1;1;-1;16
2_2:0123230112303012;2;4;0.15407880000000002;0.16488860000000002;-1;-1;-1;3;2;-1;-1;-1;-1;-1;3;-1;-1;0;-1;-1;16
2_2:0123230112303012;3;4;0.0014467;0.5009122;-1;-1;-1;3;2;-1;-1;-1;-1;2;-1;-1;-1;-1;1;-1;16
2_2:3201013213202013;0;4;0.0014818000000000001;0.0437366;3;-1;-1;-1;-1;1;-1;-1;-1;-1;2;-1;-1;0;-1;-1;16
2_2:3201013213202013;1;4;0.0014621;0.042251000000000004;-1;-1;-1;-1;0;-1;-1;2;-1;3;-1;-1;2;-1;-1;-1;16
2_2:3201013213202013;2;4;0.15488280000000001;0.1576573;-1;-1;-1;-1;0;1;-1;-1;-1;3;-1;-1;-1;-1;1;-1;16
2_2:3201013213202013;3;5;0.2523288;0.5006467;3;-1;-1;-1;-1;-1;-1;2;1;3;-1;-1;-1;-1;1;-1;16
2_2:3201013213202013;3;6;0.1319906;0.5006467;-1;2;-1;-1;-1;-1;3;2;1;-1;-1;-1;-1;-1;1;3;16
2_2:3201013213202013;3;7;0.075824;0.5006467;-1;2;-1;1;0;-1;-1;2;1;3;-1;-1;-1;-1;1;-1;16
2_2:3201013213202013;3;8;0.0347577;0.5006467;3;2;-1;1;-1;1;-1;2;1;-1;-1;-1;-1;-1;1;3;16
2_2:3201013213202013;3;9;0.011592400000000001;0.5006467;-1;2;0;1;-1;1;-1;2;1;-1;-1;-1;2;-1;1;3;16
2_2:3201013213202013;3;10;0.0015868000000000002;0.5006467;-1;2;0;1;-1;1;-1;2;1;3;2;-1;2;-1;1;-1;16
2_2:0312213012033021;0;4;0.0014922000000000002;0.0283848;-1;-1;1;-1;2;-1;-1;-1;-1;-1;0;-1;3;-1;-1;-1;16
2_2:0312213012033021;1;4;0.0020114;0.0288302;-1;-1;-1;2;-1;1;-1;-1;-1;-1;0;-1;3;-1;-1;-1;16
2_2:0312213012033021;1;5;0.0012642;0.0288302;0;-1;-1;-1;-1;1;-1;-1;-1;-1;0;-1;3;-1;2;-1;16
2_2:0312213012033021;2;4;0.15638000000000002;0.1746077;-1;-1;1;-1;2;-1;-1;-1;-1;-1;0;-1;3;-1;-1;-1;16
2_2:0312213012033021;3;6;0.2704596;0.5002408;0;3;-1;-1;-1;-1;-1;0;1;-1;0;-1;-1;-1;2;-1;16
2_2:0312213012033021;3;7;0.044977500000000004;0.5002408;0;3;-1;-1;-1;-1;-1;0;1;-1;0;-1;-1;0;2;-1;16
2_2:0312213012033021;3;8;0.033044500000000004;0.5002408;0;3;-1;-1;2;-1;-1;0;-1;-1;0;3;-1;0;2;-1;16
2_2:0312213012033021;3;9;0.011403400000000001;0.5002408;0;-1;1;-1;2;-1;-1;0;-1;2;0;-1;-1;0;2;1;16
2_2:0312213012033021;3;10;0.001606;0.5002408;0;3;-1;2;2;-1;-1;0;1;2;0;-1;-1;0;2;-1;16
2_2:2013310213200231;0;4;0.0025732000000000003;0.0260487;-1;-1;-1;3;-1;1;-1;-1;-1;-1;-1;0;-1;2;-1;-1;16
2_2:2013310213200231;0;5;0.0013245000000000002;0.0260487;-1;-1;-1;3;-1;-1;0;-1;1;-1;-1;0;-1;2;-1;-1;16
2_2:2013310213200231;1;4;0.0013026000000000001;0.0303023;-1;0;-1;3;-1;-1;-1;-1;1;-1;2;-1;-1;-1;-1;-1;16
2_2:2013310213200231;2;4;0.1561043;0.1837619;-1;0;-1;-1;-1;-1;-1;2;1;-1;-1;-1;-1;-1;3;-1;16
2_2:2013310213200231;3;5;0.1736712;0.5004726;-1;-1;1;-1;3;-1;-1;-1;-1;-1;2;0;-1;2;-1;-1;16
2_2:2013310213200231;3;6;0.014663500000000001;0.5004726;-1;-1;-1;3;3;1;-1;-1;-1;-1;2;0;-1;2;-1;-1;16
2_2:2013310213200231;3;7;0.0014921000000000001;0.5004726;-1;-1;1;3;3;1;-1;-1;-1;-1;2;-1;0;2;-1;-1;16
2_2:3210102323010132;0;4;0.0013382000000000001;0.039182;-1;2;-1;-1;-1;0;-1;-1;-1;-1;0;-1;-1;-1;3;-1;16
2_2:3210102323010132;1;4;0.0025567000000000003;0.0419478;-1;-1;1;-1;-1;-1;2;-1;-1;3;-1;-1;-1;1;-1;-1;16
2_2:3210102323010132;1;5;0.0014149000000000002;0.0419478;-1;2;1;-1;-1;-1;-1;-1;-1;-1;-1;-1;-1;1;3;2;16
2_2:3210102323010132;2;4;0.15423330000000002;0.15618700000000002;-1;-1;-1;0;1;-1;-1;3;2;-1;-1;-1;-1;-1;-1;-1;16
2_2:3210102323010132;3;4;0.0014574000000000002;0.5005725;-1;-1;1;-1;-1;0;-1;-1;2;-1;-1;-1;-1;-1;-1;2;16
2_2:3201102323100132;0;4;0.006145500000000001;0.0263688;-1;-1;-1;-1;-1;0;-1;3;2;-1;1;-1;-1;-1;-1;-1;16
2_2:3201102323100132;0;5;0.0013554;0.0263688;3;-1;-1;-1;1;-1;2;-1;2;-1;1;-1;-1;-1;-1;-1;16
2_2:3201102323100132;1;4;0.0085134;0.0318395;3;-1;-1;-1;-1;-1;2;-1;-1;-1;1;-1;0;-1;-1;-1;16
2_2:3201102323100132;1;5;0.0025900000000000003;0.0318395;3;-1;-1;-1;1;-1;2;-1;2;-1;1;-1;-1;-1;-1;-1;16
2_2:3201102323100132;2;4;0.1561053;0.1707505;3;-1;-1;-1;-1;-1;2;-1;-1;-1;-1;0;-1;1;-1;-1;16
2_2:3201102323100132;3;5;0.1617821;0.5011424;-1;-1;-1;1;-1;0;-1;-1;2;-1;-1;-1;-1;-1;3;2;16
2_2:3201102323100132;3;6;0.1242792;0.5011424;-1;-1;0;1;-1;0;-1;-1;2;3;-1;-1;-1;-1;-1;2;16
2_2:3201102323100132;3;7;0.012438300000000001;0.5011424;-1;-1;0;1;-1;0;-1;-1;2;3;-1;-1;0;-1;-1;2;16
2_2:3201102323100132;3;8;0.0015093;0.5011424;-1;-1;0;1;-1;0;2;-1;2;3;-1;-1;0;-1;-1;2;16
2_2:0213132020313102;0;4;0.0021402;0.035906;-1;2;-1;-1;1;-1;-1;0;-1;-1;-1;1;-1;-1;-1;-1;16
2_2:0213132020313102;0;5;0.0014101;0.035906;0;-1;1;-1;-1;3;-1;0;-1;-1;-1;1;-1;-1;-1;-1;16
2_2:0213132020313102;1;4;0.0026336000000000003;0.0421088;0;-1;1;-1;-1;-1;2;-1;-1;-1;-1;-1;3;-1;-1;-1;16
2_2:0213132020313102;1;5;0.0013707;0.0421088;0;-1;1;-1;-1;-1;-1;-1;-1;-1;-1;-1;3;1;0;-1;16
2_2:0213132020313102;2;4;0.1558407;0.1582204;-1;-1;-1;-1;-1;3;2;-1;2;-1;-1;1;-1;-1;-1;-1;16
2_2:0213132020313102;3;4;0.4540892;0.5002333;0;-1;1;-1;-1;-1;-1;-1;-1;-1;-1;-1;-1;1;-1;2;16
2_2:0213132020313102;3;5;0.16500130000000002;0.5002333;0;-1;-1;-1;-1;-1;2;-1;-1;-1;-1;1;-1;1;-1;2;16
2_2:0213132020313102;3;6;0.022186;0.5002333;0;-1;1;-1;1;-1;2;-1;-1;0;-1;-1;-1;-1;-1;2;16
2_2:0213132020313102;3;7;0.0014859;0.5002333;0;-1;-1;-1;1;-1;2;-1;-1;0;-1;1;-1;-1;0;2;16
2_2:3012123023010123;0;4;0.0022622000000000002;0.03842;-1;-1;1;2;-1;-1;-1;-1;-1;-1;-1;-1;0;-1;-1;3;16
2_2:3012123023010123;0;5;0.0013717;0.03842;-1;-1;-1;2;-1;-1;3;-1;-1;-1;0;-1;0;-1;-1;3;16
2_2:3012123023010123;1;4;0.0013002;0.0420755;-1;-1;1;-1;-1;-1;-1;0;-1;-1;-1;-1;0;-1;-1;3;16
2_2:3012123023010123;2;4;0.1566921;0.16087980000000002;3;-1;-1;2;-1;-1;-1;-1;-1;-1;-1;-1;-1;1;2;-1;16
2_2:3012123023010123;3;4;0.0014818000000000001;0.5006174;-1;-1;1;-1;-1;2;-1;-1;2;-1;-1;-1;-1;-1;-1;3;16
2_2:0231132021033012;0;4;0.0013903000000000001;0.042344;-1;-1;3;-1;-1;-1;-1;0;2;-1;-1;-1;-1;-1;1;-1;16
2_2:0231132021033012;1;4;0.001312;0.0315405;-1;2;-1;1;-1;-1;-1;-1;2;-1;0;-1;-1;-1;-1;-1;16
2_2:0231132021033012;2;4;0.15548520000000002;0.15709900000000002;-1;-1;-1;-1;1;-1;2;-1;-1;-1;0;3;-1;-1;-1;-1;16
2_2:0231132021033012;3;4;0.0015686;0.5040314;0;-1;-1;-1;-1;-1;2;-1;-1;-1;-1;3;-1;0;-1;-1;16
2_2:1032320101232310;0;4;0.0014551000000000002;0.0433986;-1;-1;-1;-1;-1;-1;0;-1;-1;1;-1;3;-1;3;-1;-1;16
2_2:1032320101232310;1;4;0.0020393;0.043790100000000005;-1;-1;3;-1;-1;2;-1;1;-1;1;-1;-1;-1;-1;-1;-1;16
2_2:1032320101232310;1;5;0.0013746000000000001;0.043790100000000005;1;-1;3;-1;-1;2;-1;1;-1;-1;-1;-1;2;-1;-1;-1;16
2_2:1032320101232310;2;4;0.1782649;0.2091279;1;-1;-1;-1;-1;2;0;-1;-1;-1;2;-1;-1;-1;-1;-1;16
2_2:1032320101232310;3;5;0.2694376;0.5003043;-1;0;-1;2;-1;-1;-1;1;-1;-1;2;-1;2;-1;-1;-1;16
2_2:1032320101232310;3;6;0.16097840000000002;0.5003043;-1;-1;-1;2;-1;2;-1;-1;0;-1;2;-1;2;-1;1;-1;16
2_2:1032320101232310;3;7;0.0708153;0.5003043;-1;0;-1;2;-1;2;0;-1;-1;-1;2;3;2;-1;-1;-1;16
2_2:1032320101232310;3;8;0.040161;0.5003043;-1;-1;3;2;-1;2;-1;-1;0;-1;2;3;2;-1;-1;0;16
2_2:1032320101232310;3;9;0.014695100000000001;0.5003043;-1;-1;3;2;3;2;-1;-1;0;-1;2;3;2;-1;-1;0;16
2_2:1032320101232310;3;10;0.0018204;0.5003043;1;-1;3;2;3;2;-1;-1;-1;-1;2;3;2;3;1;-1;16
2_2:3210012313022031;0;4;0.0017054000000000001;0.0590233;-1;-1;1;0;-1;-1;-1;-1;-1;-1;-1;2;-1;0;-1;-1;16
2_2:3210012313022031;1;4;0.0018496;0.0528799;-1;-1;-1;0;-1;1;-1;-1;-1;3;-1;2;-1;-1;-1;-1;16
2_2:3210012313022031;2;4;0.19556420000000002;0.2058464;-1;-1;-1;-1;0;1;-1;-1;-1;3;-1;-1;-1;-1;-1;1;16
2_2:3210012313022031;3;5;0.3071033;0.5002115;-1;2;-1;-1;-1;-1;2;3;1;-1;-1;-1;-1;-1;3;-1;16
2_2:3210012313022031;3;6;0.1566814;0.5002115;3;2;-1;-1;-1;-1;2;-1;1;-1;-1;-1;-1;-1;3;1;16
2_2:3210012313022031;3;7;0.0016863000000000002;0.5002115;-1;2;-1;-1;-1;-1;2;3;1;3;-1;-1;2;-1;-1;1;16
2_2:1320023131022013;0;4;0.0023445000000000002;0.027832500000000003;-1;-1;-1;-1;0;-1;3;-1;-1;1;-1;2;-1;-1;-1;-1;16
2_2:1320023131022013;0;5;0.0012664;0.027832500000000003;-1;3;-1;0;-1;-1;-1;-1;-1;1;-1;-1;2;-1;-1;3;16
2_2:1320023131022013;1;4;0.0097626;0.035400100000000004;-1;-1;2;-1;0;-1;-1;-1;-1;1;-1;-1;-1;-1;-1;3;16
2_2:1320023131022013;1;5;0.0013017;0.035400100000000004;-1;3;-1;0;-1;-1;-1;-1;-1;-1;-1;-1;2;0;-1;3;16
2_2:1320023131022013;2;4;0.1561151;0.1715666;1;-1;-1;-1;-1;-1;3;-1;-1;-1;0;-1;2;-1;-1;-1;16
2_2:1320023131022013;3;5;0.32235430000000004;0.5001326;-1;-1;2;-1;0;-1;3;-1;-1;1;-1;-1;-1;-1;-1;3;16
2_2:1320023131022013;3;6;0.0014696000000000002;0.5001326;1;-1;-1;-1;0;-1;3;-1;-1;1;-1;2;-1;-1;-1;3;16
2_2:2013132032010132;0;4;0.0013427;0.047991700000000005;-1;-1;1;-1;-1;3;-1;-1;-1;2;0;-1;-1;-1;-1;-1;16
2_2:2013132032010132;1;4;0.0015559;0.0530773;-1;-1;-1;3;1;-1;-1;-1;3;2;-1;-1;-1;-1;-1;-1;16
2_2:2013132032010132;2;4;0.19233070000000002;0.1980348;-1;0;-1;-1;1;-1;-1;-1;-1;2;0;-1;-1;-1;-1;-1;16
2_2:2013132032010132;3;4;0.0018658000000000001;0.5020346;-1;0;-1;-1;-1;-1;2;-1;3;-1;-1;-1;-1;-1;-1;2;16
2_2:2031132002133102;0;4;0.0013513000000000002;0.041302200000000004;-1;-1;-1;-1;1;-1;-1;-1;-1;2;-1;3;-1;-1;0;-1;16
2_2:2031132002133102;1;4;0.0013572;0.0411294;-1;0;3;-1;-1;-1;-1;-1;-1;-1;-1;-1;-1;1;-1;2;16
2_2:2031132002133102;2;4;0.1572991;0.16132980000000002;-1;0;-1;-1;-1;-1;2;-1;-1;-1;-1;3;3;-1;-1;-1;16
2_2:2031132002133102;3;4;0.001574;0.5165982;-1;-1;3;-1;1;-1;-1;-1;-1;2;-1;-1;-1;-1;-1;2;16
2_2:2013312002311302;0;4;0.0023550000000000003;0.0540867;2;-1;1;-1;-1;-1;-1;0;-1;-1;-1;-1;1;-1;-1;-1;16
2_2:2013312002311302;1;4;0.0017461000000000002;0.053160700000000005;-1;-1;1;-1;3;-1;-1;-1;-1;2;-1;-1;-1;-1;-1;2;16
2_2:2013312002311302;2;4;0.1793585;0.18369880000000002;-1;0;-1;-1;-1;-1;2;-1;-1;-1;-1;1;1;-1;-1;-1;16
2_2:2013312002311302;3;4;0.0018112;0.5022644;-1;-1;1;-1;-1;1;-1;-1;0;-1;-1;-1;-1;-1;-1;2;16
2_2:0213310220311320;0;4;0.0013426;0.0415362;-1;2;-1;3;-1;-1;0;-1;-1;-1;-1;-1;1;-1;-1;-1;16
2_2:0213310220311320;1;4;0.0013133;0.041826800000000004;-1;-1;-1;3;-1;1;-1;-1;-1;0;-1;-1;-1;-1;-1;0;16
2_2:0213310220311320;2;4;0.1854064;0.1923564;0;-1;-1;-1;-1;-1;-1;2;-1;-1;-1;1;1;-1;-1;-1;16
2_2:0213310220311320;3;5;0.21863860000000002;0.5004374;-1;-1;1;-1;3;-1;0;-1;-1;0;-1;-1;-1;-1;-1;0;16
2_2:0213310220311320;3;6;0.0021099;0.5004374;0;-1;1;-1;-1;-1;0;-1;-1;0;-1;-1;-1;3;-1;0;16
2_2:0321213012033012;0;4;0.0027202000000000003;0.054477300000000006;0;-1;-1;-1;-1;-1;-1;-1;-1;2;-1;3;-1;-1;-1;2;16
2_2:0321213012033012;0;5;0.0018146000000000002;0.054477300000000006;0;-1;-1;-1;-1;-1;-1;-1;-1;2;0;-1;3;-1;-1;2;16
2_2:0321213012033012;1;4;0.0014763;0.0496146;-1;-1;-1;-1;-1;-1;3;-1;-1;2;-1;-1;3;-1;1;-1;16
2_2:0321213012033012;2;4;0.19702240000000001;0.2020489;0;-1;-1;-1;-1;-1;3;-1;1;-1;-1;-1;-1;-1;-1;2;16
2_2:0321213012033012;3;4;0.0016795;0.5003653;-1;-1;2;-1;2;-1;-1;-1;-1;-1;-1;3;-1;0;-1;-1;16
2_2:0312213012033021;0;4;0.008892500000000001;0.0400292;0;-1;1;-1;-1;-1;-1;-1;-1;2;-1;3;-1;-1;-1;-1;16
2_2:0312213012033021;0;5;0.0020851000000000003;0.0400292;0;3;-1;2;-1;-1;-1;-1;-1;2;-1;3;-1;-1;-1;-1;16
2_2:0312213012033021;1;4;0.0178856;0.0455358;-1;3;-1;2;-1;-1;-1;-1;1;-1;0;-1;-1;-1;-1;-1;16
2_2:0312213012033021;1;5;0.0017568000000000002;0.0455358;-1;3;-1;2;-1;-1;3;-1;1;-1;-1;-1;-1;0;-1;-1;16
2_2:0312213012033021;2;4;0.1735516;0.2109107;-1;-1;-1;-1;2;-1;3;-1;-1;-1;-1;-1;-1;0;-1;1;16
2_2:0312213012033021;3;4;0.0014125000000000001;0.5005505;-1;-1;1;-1;2;-1;-1;-1;-1;-1;-1;3;-1;0;-1;-1;16
2_2:2130032130121203;0;4;0.0013858000000000002;0.044036500000000006;2;-1;-1;-1;0;-1;-1;1;-1;-1;-1;-1;-1;-1;0;-1;16
2_2:2130032130121203;1;4;0.0028158000000000002;0.041192700000000006;-1;1;-1;-1;0;-1;2;-1;-1;-1;-1;-1;-1;-1;0;-1;16
2_2:2130032130121203;1;5;0.0013832;0.041192700000000006;-1;-1;-1;-1;0;-1;-1;1;-1;-1;-1;-1;1;-1;0;3;16
2_2:2130032130121203;2;4;0.1543692;0.1754743;-1;1;3;-1;0;-1;-1;-1;-1;-1;1;-1;-1;-1;-1;-1;16
2_2:2130032130121203;3;5;0.2576315;0.5009174000000001;-1;1;-1;-1;-1;3;2;-1;3;-1;-1;-1;-1;-1;-1;3;16
2_2:2130032130121203;3;6;0.0886459;0.5009174000000001;-1;1;3;-1;-1;3;2;-1;3;-1;-1;-1;-1;-1;-1;3;16
2_2:2130032130121203;3;7;0.0703923;0.5009174000000001;-1;1;3;-1;-1;3;2;-1;3;-1;-1;-1;-1;-1;0;3;16
2_2:2130032130121203;3;8;0.0346713;0.5009174000000001;-1;1;3;-1;-1;3;2;-1;3;0;-1;-1;-1;-1;0;3;16
2_2:2130032130121203;3;9;0.0130366;0.5009174000000001;-1;1;3;-1;0;3;-1;1;3;0;-1;-1;-1;-1;0;3;16
2_2:2130032130121203;3;10;0.0032339;0.5009174000000001;-1;-1;3;0;0;3;2;-1;3;0;-1;-1;1;-1;0;3;16
2_2:2130032130121203;3;11;0.0015633;0.5009174000000001;-1;1;3;0;0;3;-1;1;3;0;-1;-1;1;-1;0;3;16
2_2:1230032121033012;0;4;0.0022202000000000003;0.0275027;-1;-1;3;-1;0;-1;-1;-1;-1;1;-1;-1;-1;-1;-1;2;16
2_2:1230032121033012;0;5;0.0012991;0.0275027;-1;-1;3;0;-1;-1;-1;-1;-1;1;-1;-1;3;-1;-1;2;16
2_2:1230032121033012;1;4;0.0040041;0.034246900000000004;1;-1;-1;-1;-1;-1;2;-1;-1;-1;0;-1;3;-1;-1;-1;16
2_2:1230032121033012;1;5;0.0012986;0.034246900000000004;-1;2;-1;0;-1;3;-1;-1;-1;-1;-1;3;-1;-1;1;-1;16
2_2:1230032121033012;2;4;0.159307;0.1734166;-1;-1;-1;-1;0;-1;2;-1;-1;1;-1;3;-1;-1;-1;-1;16
2_2:1230032121033012;3;6;0.26733840000000003;0.5002716;-1;2;-1;0;-1;3;-1;-1;2;-1;-1;-1;-1;-1;1;2;16
2_2:1230032121033012;3;7;0.0815927;0.5002716;-1;2;3;-1;0;-1;2;-1;2;1;-1;-1;-1;-1;-1;2;16
2_2:1230032121033012;3;8;0.0343247;0.5002716;1;2;3;-1;-1;3;2;-1;2;-1;-1;-1;-1;-1;1;2;16
2_2:1230032121033012;3;9;0.0140304;0.5002716;-1;2;3;0;-1;3;2;-1;2;1;-1;-1;3;-1;-1;2;16
2_2:1230032121033012;3;10;0.0016081000000000001;0.5002716;-1;2;3;0;-1;3;2;-1;2;-1;0;3;3;-1;-1;2;16
2_2:2103031212303021;0;4;0.0018871;0.052581300000000004;-1;1;-1;3;-1;3;-1;-1;-1;-1;-1;-1;-1;-1;2;-1;16
2_2:2103031212303021;1;4;0.0015368;0.0456615;2;-1;0;-1;-1;3;-1;-1;-1;-1;-1;-1;-1;-1;2;-1;16
2_2:2103031212303021;2;4;0.1878178;0.19054110000000002;-1;1;-1;-1;-1;3;-1;2;-1;-1;-1;0;-1;-1;-1;-1;16
2_2:2103031212303021;3;4;0.0015486;0.5074356;-1;-1;0;-1;0;-1;-1;-1;-1;2;-1;-1;-1;-1;-1;1;16
2_2:2130302103121203;0;4;0.0043642;0.045024400000000006;-1;-1;-1;0;3;-1;-1;-1;-1;-1;1;-1;-1;2;-1;-1;16
2_2:2130302103121203;0;5;0.0017200000000000002;0.045024400000000006;-1;-1;-1;0;-1;-1;2;-1;-1;3;-1;-1;-1;2;0;-1;16
2_2:2130302103121203;1;4;0.004928200000000001;0.038974600000000005;2;-1;-1;-1;-1;-1;-1;1;0;-1;-1;-1;-1;-1;-1;3;16
2_2:2130302103121203;1;5;0.0019985000000000003;0.038974600000000005;2;1;-1;0;-1;-1;-1;-1;0;-1;-1;2;-1;-1;-1;-1;16
2_2:2130302103121203;2;4;0.1588157;0.1654969;-1;-1;-1;0;3;-1;-1;-1;-1;-1;1;-1;-1;2;-1;-1;16
2_2:2130302103121203;3;4;0.0014086;0.5016633;2;-1;-1;-1;-1;-1;-1;1;-1;3;-1;-1;-1;-1;0;-1;16
2_2:3201103201232310;0;4;0.0022902;0.0535894;-1;2;-1;-1;-1;-1;3;-1;0;-1;-1;-1;-1;-1;-1;0;16
2_2:3201103201232310;1;4;0.0016368;0.0506244;3;-1;-1;1;-1;0;-1;-1;-1;-1;2;-1;-1;-1;-1;-1;16
2_2:3201103201232310;2;4;0.1609951;0.1821135;3;-1;-1;-1;-1;-1;-1;-1;0;-1;-1;3;-1;-1;1;-1;16
2_2:3201103201232310;3;5;0.31308260000000004;0.5003142;-1;2;0;-1;-1;-1;3;-1;0;-1;-1;-1;-1;-1;-1;0;16
2_2:3201103201232310;3;6;0.1170799;0.5003142;-1;2;0;-1;-1;0;3;-1;0;-1;-1;-1;-1;-1;-1;0;16
2_2:3201103201232310;3;7;0.062673;0.5003142;3;-1;0;-1;-1;0;3;-1;0;1;-1;-1;-1;-1;-1;0;16
2_2:3201103201232310;3;8;0.0491242;0.5003142;-1;-1;0;1;-1;0;3;-1;0;1;-1;-1;2;-1;-1;0;16
2_2:3201103201232310;3;9;0.0187099;0.5003142;-1;-1;0;1;1;0;3;-1;0;1;-1;-1;-1;3;-1;0;16
2_2:3201103201232310;3;10;0.00366;0.5003142;-1;-1;0;1;1;0;3;-1;0;1;-1;-1;2;-1;1;0;16
2_2:3201103201232310;3;11;0.0016991;0.5003142;-1;2;0;1;1;0;3;-1;0;1;-1;3;-1;-1;1;0;16
2_2:3021210312300312;0;4;0.001366;0.039055900000000005;3;-1;-1;-1;2;-1;-1;3;-1;-1;-1;-1;-1;-1;1;-1;16
2_2:3021210312300312;1;4;0.0012911;0.046334900000000005;-1;-1;2;-1;-1;-1;-1;-1;1;-1;3;-1;0;-1;-1;-1;16
2_2:3021210312300312;2;4;0.15149990000000002;0.15378;-1;-1;-1;-1;-1;1;-1;-1;-1;-1;-1;0;-1;3;1;-1;16
2_2:3021210312300312;3;4;0.48167240000000006;0.5034152000000001;-1;-1;-1;-1;-1;1;-1;-1;-1;-1;-1;0;0;-1;-1;2;16
2_2:3021210312300312;3;5;0.24099740000000003;0.5034152000000001;-1;0;-1;-1;-1;1;0;-1;1;-1;-1;-1;-1;-1;-1;2;16
2_2:3021210312300312;3;6;0.08698470000000001;0.5034152000000001;-1;0;2;-1;-1;1;-1;-1;1;-1;-1;0;-1;-1;-1;2;16
2_2:3021210312300312;3;7;0.0558166;0.5034152000000001;-1;0;2;-1;-1;1;-1;-1;1;-1;-1;0;-1;-1;1;2;16
2_2:3021210312300312;3;8;0.0349668;0.5034152000000001;-1;-1;2;1;-1;1;-1;-1;1;-1;-1;0;0;-1;1;2;16
2_2:3021210312300312;3;9;0.012149400000000001;0.5034152000000001;-1;-1;2;1;2;1;-1;-1;1;-1;-1;0;0;-1;1;2;16
2_2:3021210312300312;3;10;0.0015861;0.5034152000000001;3;-1;2;1;2;1;-1;3;1;2;-1;-1;-1;-1;1;2;16
2_2:1023320103122130;0;4;0.0013267;0.0423294;-1;-1;-1;-1;3;-1;0;-1;-1;-1;-1;2;-1;-1;3;-1;16
2_2:1023320103122130;1;4;0.0013915000000000002;0.042831600000000004;-1;0;-1;3;-1;-1;-1;-1;-1;-1;1;-1;-1;-1;-1;0;16
2_2:1023320103122130;2;4;0.1560264;0.1606648;-1;0;-1;3;-1;-1;-1;-1;-1;-1;1;-1;-1;-1;-1;0;16
2_2:1023320103122130;3;5;0.2832545;0.5005326;1;0;-1;-1;-1;-1;-1;1;-1;-1;1;-1;2;-1;-1;-1;16
2_2:1023320103122130;3;6;0.021901800000000003;0.5005326;1;0;-1;-1;-1;-1;-1;1;-1;-1;1;2;-1;1;-1;-1;16
2_2:1023320103122130;3;7;0.0015402;0.5005326;1;0;-1;-1;3;-1;-1;1;-1;-1;1;2;-1;1;-1;-1;16
2_2:3102023120131320;0;4;0.0028515000000000003;0.0376294;3;-1;-1;-1;-1;-1;-1;1;2;-1;-1;-1;-1;-1;-1;0;16
2_2:3102023120131320;0;5;0.0015327000000000001;0.0376294;3;-1;-1;-1;-1;2;-1;1;-1;-1;-1;-1;1;-1;-1;0;16
2_2:3102023120131320;1;4;0.0022018000000000003;0.0345386;-1;-1;-1;-1;-1;2;3;-1;-1;-1;-1;-1;1;-1;-1;0;16
2_2:3102023120131320;2;4;0.1857581;0.2318514;-1;-1;-1;-1;-1;2;3;-1;-1;-1;-1;-1;1;-1;-1;0;16
2_2:3102023120131320;3;4;0.0015758;0.5000429000000001;-1;-1;-1;2;0;-1;-1;-1;-1;-1;1;-1;-1;3;-1;-1;16
2_2:0312120320313120;0;4;0.0013307;0.0393333;-1;-1;-1;2;-1;-1;0;-1;2;-1;-1;1;-1;-1;-1;-1;16
2_2:0312120320313120;1;4;0.0014385000000000001;0.0348855;-1;-1;1;2;-1;-1;-1;-1;-1;-1;3;-1;-1;1;-1;-1;16
2_2:0312120320313120;2;4;0.1562695;0.1754648;-1;3;1;-1;-1;-1;-1;-1;-1;-1;-1;-1;3;-1;-1;0;16
2_2:0312120320313120;3;4;0.0015191;0.5004751000000001;-1;3;-1;-1;-1;-1;0;-1;2;-1;-1;-1;-1;-1;-1;0;16
2_2:0312213030211203;0;4;0.0035970000000000004;0.0413351;0;-1;-1;-1;-1;-1;3;-1;-1;-1;-1;1;-1;2;-1;-1;16
2_2:0312213030211203;0;5;0.001655;0.0413351;0;-1;-1;-1;2;-1;3;-1;-1;-1;2;-1;-1;-1;-1;3;16
2_2:0312213030211203;1;4;0.006662;0.034127700000000004;-1;3;-1;2;-1;-1;-1;-1;-1;-1;-1;-1;1;-1;0;-1;16
2_2:0312213030211203;1;5;0.0018192000000000002;0.034127700000000004;0;3;-1;-1;-1;-1;-1;-1;-1;-1;-1;1;1;-1;0;-1;16
2_2:0312213030211203;2;4;0.1577375;0.19378220000000002;-1;3;-1;2;-1;-1;-1;-1;-1;-1;-1;-1;1;-1;0;-1;16
2_2:0312213030211203;3;4;0.48504660000000005;0.5009169;-1;-1;-1;2;-1;1;-1;-1;3;-1;-1;-1;-1;-1;0;-1;16
2_2:0312213030211203;3;5;0.3745724;0.5009169;-1;-1;-1;2;2;1;-1;-1;3;-1;-1;-1;-1;-1;0;-1;16
2_2:0312213030211203;3;6;0.122129;0.5009169;-1;-1;-1;2;2;1;-1;-1;3;0;-1;-1;-1;-1;0;-1;16
2_2:0312213030211203;3;7;0.08431580000000001;0.5009169;-1;-1;1;2;2;-1;-1;-1;-1;0;-1;1;-1;2;0;-1;16
2_2:0312213030211203;3;8;0.0416727;0.5009169;-1;-1;1;2;2;-1;-1;-1;-1;0;2;-1;1;2;0;-1;16
2_2:0312213030211203;3;9;0.012088600000000001;0.5009169;-1;-1;-1;2;2;1;-1;0;-1;0;2;-1;1;2;0;-1;16
2_2:0312213030211203;3;10;0.0015686;0.5009169;0;-1;-1;2;2;1;-1;0;-1;0;2;1;-1;2;0;-1;16
2_2:0231130220133120;0;4;0.0021125000000000002;0.039376600000000005;0;-1;-1;-1;1;-1;-1;2;-1;-1;1;-1;-1;-1;-1;-1;16
2_2:0231130220133120;0;5;0.0013645;0.039376600000000005;0;-1;-1;1;1;-1;-1;2;-1;-1;-1;-1;-1;-1;-1;0;16
2_2:0231130220133120;1;4;0.0012953;0.0385473;0;-1;-1;-1;1;-1;0;-1;-1;-1;-1;3;-1;-1;-1;-1;16
2_2:0231130220133120;2;4;0.1669311;0.16939020000000002;-1;2;-1;-1;-1;3;-1;-1;-1;-1;1;-1;-1;-1;2;-1;16
2_2:0231130220133120;3;4;0.0018777000000000002;0.5110831;-1;-1;-1;1;-1;3;-1;-1;2;-1;-1;-1;-1;-1;2;-1;16
2_2:2103302103121230;0;4;0.0013458;0.043051400000000004;-1;-1;-1;-1;-1;0;-1;1;-1;-1;-1;-1;1;-1;3;-1;16
2_2:2103302103121230;1;4;0.0013406000000000002;0.0419847;2;-1;-1;-1;3;-1;-1;-1;-1;-1;1;-1;-1;-1;3;-1;16
2_2:2103302103121230;2;4;0.1560058;0.15774080000000001;-1;-1;-1;3;-1;0;-1;1;-1;-1;-1;-1;1;-1;-1;-1;16
2_2:2103302103121230;3;5;0.2391878;0.5005609000000001;2;-1;-1;-1;3;-1;2;-1;-1;3;-1;-1;-1;-1;-1;0;16
2_2:2103302103121230;3;6;0.0870828;0.5005609000000001;2;-1;0;-1;3;-1;2;-1;-1;3;-1;-1;-1;-1;-1;0;16
2_2:2103302103121230;3;7;0.052841700000000005;0.5005609000000001;2;-1;0;-1;3;-1;-1;1;-1;3;-1;-1;-1;-1;3;0;16
2_2:2103302103121230;3;8;0.0338841;0.5005609000000001;2;-1;0;-1;3;-1;-1;1;0;3;-1;-1;-1;-1;3;0;16
2_2:2103302103121230;3;9;0.011244200000000001;0.5005609000000001;-1;1;0;-1;3;0;-1;1;0;3;-1;-1;-1;-1;3;0;16
2_2:2103302103121230;3;10;0.0015448;0.5005609000000001;-1;-1;0;3;3;0;-1;1;0;3;-1;-1;1;-1;3;0;16
2_2:2013132001323201;0;4;0.0013076000000000001;0.0405521;-1;-1;-1;3;1;-1;-1;-1;0;-1;-1;2;-1;-1;-1;-1;16
2_2:2013132001323201;1;4;0.0014533;0.038869600000000004;-1;-1;1;3;-1;-1;-1;-1;-1;-1;3;-1;-1;2;-1;-1;16
2_2:2013132001323201;2;4;0.15820530000000002;0.17932900000000002;2;0;-1;-1;-1;-1;-1;-1;-1;-1;-1;2;3;-1;-1;-1;16
2_2:2013132001323201;3;4;0.0014639000000000002;0.5050721;-1;0;-1;-1;-1;-1;2;-1;-1;-1;-1;2;3;-1;-1;-1;16
2_2:0123320110322310;0;4;0.001786;0.0354734;-1;-1;-1;3;-1;2;-1;-1;-1;0;-1;-1;-1;-1;-1;0;16
2_2:0123320110322310;0;5;0.0013262;0.0354734;-1;-1;-1;-1;-1;2;-1;-1;-1;0;3;2;-1;-1;-1;0;16
2_2:0123320110322310;1;4;0.0013759;0.0460259;0;-1;-1;3;-1;2;-1;-1;-1;-1;-1;-1;-1;-1;-1;0;16
2_2:0123320110322310;2;4;0.1552339;0.15687020000000002;-1;-1;-1;-1;3;-1;0;-1;-1;0;-1;2;-1;-1;-1;-1;16
2_2:0123320110322310;3;4;0.31191820000000003;0.5006758;-1;-1;-1;3;-1;2;-1;-1;1;-1;-1;-1;-1;-1;1;-1;16
2_2:0123320110322310;3;5;0.16590580000000002;0.5006758;-1;-1;-1;3;-1;2;-1;-1;1;-1;3;-1;-1;-1;1;-1;16
2_2:0123320110322310;3;6;0.1298887;0.5006758;-1;-1;-1;3;-1;2;-1;1;1;-1;3;-1;2;-1;-1;-1;16
2_2:0123320110322310;3;7;0.012262100000000001;0.5006758;-1;1;-1;3;-1;2;-1;1;-1;-1;3;-1;2;3;-1;-1;16
2_2:0123320110322310;3;8;0.0015214;0.5006758;0;-1;-1;3;-1;2;-1;1;-1;-1;3;2;2;3;-1;-1;16
2_2:1320023130122103;0;4;0.0013512;0.0413889;-1;-1;-1;-1;0;2;-1;-1;-1;-1;1;2;-1;-1;-1;-1;16
2_2:1320023130122103;1;4;0.0013148;0.0429449;-1;-1;-1;-1;0;-1;3;-1;3;-1;-1;-1;-1;1;-1;-1;16
2_2:1320023130122103;2;4;0.15273740000000002;0.1552666;-1;-1;-1;0;-1;-1;3;-1;3;-1;1;-1;-1;-1;-1;-1;16
2_2:1320023130122103;3;5;0.15488380000000002;0.5003807;1;-1;-1;-1;-1;-1;3;-1;-1;0;-1;-1;-1;-1;0;3;16
2_2:1320023130122103;3;6;0.029117300000000002;0.5003807;1;3;-1;-1;-1;-1;-1;1;3;0;-1;-1;-1;-1;0;-1;16
2_2:1320023130122103;3;7;0.00157;0.5003807;1;3;-1;-1;-1;-1;-1;1;3;0;-1;-1;-1;-1;0;3;16
2_2:2031130232100123;0;4;0.0018407;0.0420998;-1;0;-1;1;-1;-1;-1;-1;-1;-1;-1;-1;-1;-1;2;3;16
2_2:2031130232100123;0;5;0.0013564;0.0420998;-1;0;-1;-1;1;-1;-1;-1;-1;-1;-1;0;-1;-1;2;3;16
2_2:2031130232100123;1;4;0.0013665;0.046125700000000006;-1;-1;-1;-1;-1;3;-1;2;-1;-1;1;0;-1;-1;-1;-1;16
2_2:2031130232100123;2;4;0.1822342;0.185283;2;-1;-1;-1;-1;-1;0;-1;3;-1;1;-1;-1;-1;-1;-1;16
2_2:2031130232100123;3;5;0.20026480000000002;0.500154;-1;-1;3;1;1;-1;-1;-1;-1;-1;-1;0;-1;1;-1;-1;16
2_2:2031130232100123;3;6;0.0018837;0.500154;-1;-1;3;1;1;-1;-1;-1;-1;-1;1;0;-1;1;-1;-1;16
2_2:1023321001322301;0;4;0.0022301;0.0406513;-1;0;-1;3;-1;-1;1;-1;-1;-1;-1;-1;-1;3;-1;-1;16
2_2:1023321001322301;0;5;0.0013468;0.0406513;-1;0;-1;3;-1;-1;-1;0;-1;-1;-1;-1;-1;3;-1;1;16
2_2:1023321001322301;1;4;0.0013436000000000001;0.042200400000000006;-1;-1;-1;3;-1;-1;-1;-1;0;-1;-1;-1;2;-1;-1;1;16
2_2:1023321001322301;2;4;0.1559685;0.1604305;-1;0;-1;-1;3;-1;1;-1;-1;-1;-1;2;-1;-1;-1;-1;16
2_2:1023321001322301;3;4;0.4900896;0.5004500000000001;-1;-1;2;-1;-1;-1;-1;-1;0;-1;-1;-1;-1;3;-1;1;16
2_2:1023321001322301;3;5;0.14050310000000002;0.5004500000000001;-1;-1;2;-1;3;-1;-1;-1;-1;1;-1;-1;-1;3;-1;1;16
2_2:1023321001322301;3;6;0.0014174;0.5004500000000001;-1;-1;2;-1;3;-1;-1;-1;-1;1;-1;2;-1;3;-1;1;16
2_2:1230301221030321;0;4;0.0035351000000000002;0.028825800000000002;-1;-1;-1;0;3;-1;-1;-1;-1;1;-1;-1;-1;-1;2;-1;16
2_2:1230301221030321;0;5;0.0014802;0.028825800000000002;-1;2;3;-1;3;-1;-1;-1;-1;-1;-1;-1;-1;-1;2;1;16
2_2:1230301221030321;1;4;0.0052692;0.033192200000000005;-1;2;3;-1;-1;-1;-1;-1;-1;-1;-1;-1;0;-1;-1;1;16
2_2:1230301221030321;1;5;0.0018985;0.033192200000000005;-1;-1;-1;-1;-1;-1;1;2;2;-1;-1;3;0;-1;-1;-1;16
2_2:1230301221030321;1;6;0.0013173;0.033192200000000005;-1;-1;-1;-1;-1;-1;1;2;2;-1;0;-1;0;-1;-1;1;16
2_2:1230301221030321;2;4;0.1601508;0.1759543;-1;-1;-1;0;3;-1;-1;-1;2;-1;-1;-1;-1;-1;-1;1;16
2_2:1230301221030321;3;4;0.0014611000000000001;0.5005148;-1;-1;-1;0;3;-1;-1;-1;-1;1;-1;-1;-1;-1;2;-1;16
2_2:0213312023011032;0;4;0.0013334;0.044065;0;2;-1;-1;-1;-1;-1;-1;-1;-1;-1;1;-1;0;-1;-1;16
2_2:0213312023011032;1;4;0.0014134;0.039876800000000004;-1;-1;1;3;-1;-1;-1;-1;-1;3;-1;-1;-1;-1;-1;2;16
2_2:0213312023011032;2;4;0.1567222;0.1767213;0;-1;1;-1;-1;-1;-1;-1;-1;3;-1;-1;1;-1;-1;-1;16
2_2:0213312023011032;3;4;0.0014841000000000001;0.5021677;0;-1;-1;-1;-1;-1;2;-1;-1;3;-1;-1;-1;-1;-1;2;16
2_2:0123320123101032;0;4;0.0018537;0.038116500000000005;-1;-1;2;-1;-1;-1;-1;-1;-1;3;1;-1;-1;0;-1;-1;16
2_2:0123320123101032;0;5;0.0013297;0.038116500000000005;-1;1;2;-1;-1;-1;-1;-1;2;3;1;-1;-1;-1;-1;-1;16
2_2:0123320123101032;1;4;0.0013963;0.042269600000000004;-1;1;2;-1;-1;-1;0;-1;-1;3;-1;-1;-1;-1;-1;-1;16
2_2:0123320123101032;2;4;0.15694940000000002;0.19346590000000002;-1;1;-1;-1;-1;-1;-1;1;2;-1;-1;-1;-1;-1;3;-1;16
2_2:0123320123101032;3;5;0.1788134;0.5002422000000001;0;-1;-1;3;-1;-1;-1;1;-1;3;-1;-1;-1;-1;3;-1;16
2_2:0123320123101032;3;6;0.134439;0.5002422000000001;-1;-1;-1;3;3;-1;-1;1;-1;3;-1;-1;-1;0;3;-1;16
2_2:0123320123101032;3;7;0.0775615;0.5002422000000001;0;-1;-1;3;3;-1;-1;-1;-1;3;1;-1;-1;-1;3;2;16
2_2:0123320123101032;3;8;0.032575900000000005;0.5002422000000001;0;-1;-1;3;3;-1;0;-1;2;3;-1;-1;-1;-1;3;2;16
2_2:0123320123101032;3;9;0.011874500000000001;0.5002422000000001;-1;1;-1;3;3;2;-1;-1;2;3;1;-1;-1;-1;3;2;16
2_2:0123320123101032;3;10;0.0033354;0.5002422000000001;0;-1;2;3;3;2;-1;-1;2;3;1;-1;-1;-1;3;2;16
2_2:0123320123101032;3;11;0.0015807000000000002;0.5002422000000001;0;-1;2;3;3;2;-1;-1;2;3;1;-1;-1;0;3;2;16
